FILE_VERSION	2.0.0
NO_OF_FRAMES	2400
NO_OF_CAMERAS	2
NO_OF_MARKERS	2
FREQUENCY	200
DESCRIPTION	--
TIME_STAMP	2026-10-02, 20:09:42.673	25825.74556770
DATA_INCLUDED	3D
MARKER_NAMES	New 0000	New 0001
TRAJECTORY_TYPES	Measured	Mixed
1	0.00000	0.000	0.000	0.000	0.000	0.000	0.000
2	0.00500	0.000	0.000	0.000	0.000	0.000	0.000
3	0.01000	0.000	0.000	0.000	0.000	0.000	0.000
4	0.01500	0.000	0.000	0.000	0.000	0.000	0.000
5	0.02000	0.000	0.000	0.000	0.000	0.000	0.000
6	0.02500	0.000	0.000	0.000	0.000	0.000	0.000
7	0.03000	0.000	0.000	0.000	0.000	0.000	0.000
8	0.03500	0.000	0.000	0.000	0.000	0.000	0.000
9	0.04000	0.000	0.000	0.000	0.000	0.000	0.000
10	0.04500	0.000	0.000	0.000	0.000	0.000	0.000
11	0.05000	0.000	0.000	0.000	0.000	0.000	0.000
12	0.05500	0.000	0.000	0.000	0.000	0.000	0.000
13	0.06000	0.000	0.000	0.000	0.000	0.000	0.000
14	0.06500	0.000	0.000	0.000	0.000	0.000	0.000
15	0.07000	927.237	-435.057	395.305	0.000	0.000	0.000
16	0.07500	925.189	-435.019	395.295	0.000	0.000	0.000
17	0.08000	923.202	-435.146	395.057	0.000	0.000	0.000
18	0.08500	921.146	-435.018	395.018	0.000	0.000	0.000
19	0.09000	919.045	-434.943	395.146	0.000	0.000	0.000
20	0.09500	917.009	-434.863	395.113	0.000	0.000	0.000
21	0.10000	914.992	-434.804	394.934	0.000	0.000	0.000
22	0.10500	912.965	-434.673	394.900	0.000	0.000	0.000
23	0.11000	910.921	-434.598	394.946	0.000	0.000	0.000
24	0.11500	908.860	-434.484	394.966	0.000	0.000	0.000
25	0.12000	906.872	-434.502	394.726	0.000	0.000	0.000
26	0.12500	904.837	-434.365	394.662	0.000	0.000	0.000
27	0.13000	902.903	-434.303	394.597	0.000	0.000	0.000
28	0.13500	900.795	-434.301	394.683	0.000	0.000	0.000
29	0.14000	898.730	-434.477	394.505	0.000	0.000	0.000
30	0.14500	896.668	-434.410	394.494	0.000	0.000	0.000
31	0.15000	894.583	-434.234	394.663	0.000	0.000	0.000
32	0.15500	892.599	-434.374	394.549	0.000	0.000	0.000
33	0.16000	890.480	-434.358	394.510	0.000	0.000	0.000
34	0.16500	888.412	-434.308	394.450	0.000	0.000	0.000
35	0.17000	886.298	-434.333	394.516	0.000	0.000	0.000
36	0.17500	884.213	-434.465	394.602	0.000	0.000	0.000
37	0.18000	882.210	-434.666	394.354	0.000	0.000	0.000
38	0.18500	880.219	-434.683	394.390	0.000	0.000	0.000
39	0.19000	878.152	-434.669	394.425	0.000	0.000	0.000
40	0.19500	876.082	-434.840	394.298	0.000	0.000	0.000
41	0.20000	874.003	-434.923	394.261	0.000	0.000	0.000
42	0.20500	871.900	-435.164	394.370	0.000	0.000	0.000
43	0.21000	869.834	-435.141	394.373	0.000	0.000	0.000
44	0.21500	867.847	-435.169	394.157	0.000	0.000	0.000
45	0.22000	865.845	-435.235	394.105	0.000	0.000	0.000
46	0.22500	863.758	-435.297	394.239	0.000	0.000	0.000
47	0.23000	861.694	-435.638	394.114	0.000	0.000	0.000
48	0.23500	859.629	-435.586	394.086	0.000	0.000	0.000
49	0.24000	857.514	-435.525	394.233	0.000	0.000	0.000
50	0.24500	855.456	-435.612	394.154	0.000	0.000	0.000
51	0.25000	853.426	-435.810	393.980	0.000	0.000	0.000
52	0.25500	851.409	-435.736	394.119	0.000	0.000	0.000
53	0.26000	849.385	-435.901	394.033	0.000	0.000	0.000
54	0.26500	847.339	-435.852	393.933	0.000	0.000	0.000
55	0.27000	845.265	-435.756	393.949	0.000	0.000	0.000
56	0.27500	843.208	-435.694	393.994	0.000	0.000	0.000
57	0.28000	841.175	-435.739	393.951	0.000	0.000	0.000
58	0.28500	839.108	-435.664	393.901	0.000	0.000	0.000
59	0.29000	837.050	-435.632	393.865	0.000	0.000	0.000
60	0.29500	834.980	-435.602	393.907	0.000	0.000	0.000
61	0.30000	832.929	-435.751	393.731	0.000	0.000	0.000
62	0.30500	830.851	-435.517	393.903	0.000	0.000	0.000
63	0.31000	828.752	-435.638	393.906	0.000	0.000	0.000
64	0.31500	826.682	-435.560	393.763	0.000	0.000	0.000
65	0.32000	824.598	-435.447	393.809	0.000	0.000	0.000
66	0.32500	822.536	-435.347	393.861	0.000	0.000	0.000
67	0.33000	820.486	-435.320	393.795	0.000	0.000	0.000
68	0.33500	818.415	-435.212	393.816	0.000	0.000	0.000
69	0.34000	816.345	-435.154	393.816	0.000	0.000	0.000
70	0.34500	814.287	-435.177	393.804	0.000	0.000	0.000
71	0.35000	812.234	-435.078	393.840	0.000	0.000	0.000
72	0.35500	810.163	-435.049	393.825	0.000	0.000	0.000
73	0.36000	808.111	-435.200	393.745	0.000	0.000	0.000
74	0.36500	806.059	-435.177	393.655	0.000	0.000	0.000
75	0.37000	804.007	-435.181	393.741	0.000	0.000	0.000
76	0.37500	801.980	-435.206	393.608	0.000	0.000	0.000
77	0.38000	799.939	-435.188	393.601	0.000	0.000	0.000
78	0.38500	797.906	-435.187	393.612	0.000	0.000	0.000
79	0.39000	795.864	-435.342	393.493	0.000	0.000	0.000
80	0.39500	793.812	-435.375	393.457	0.000	0.000	0.000
81	0.40000	791.733	-435.383	393.559	0.000	0.000	0.000
82	0.40500	789.682	-435.433	393.506	0.000	0.000	0.000
83	0.41000	787.604	-435.398	393.593	0.000	0.000	0.000
84	0.41500	785.476	-435.537	393.653	0.000	0.000	0.000
85	0.42000	783.463	-435.816	393.503	0.000	0.000	0.000
86	0.42500	781.452	-435.835	393.469	0.000	0.000	0.000
87	0.43000	779.408	-435.896	393.421	0.000	0.000	0.000
88	0.43500	777.340	-436.036	393.373	0.000	0.000	0.000
89	0.44000	775.237	-436.078	393.450	0.000	0.000	0.000
90	0.44500	773.073	-436.217	393.549	0.000	0.000	0.000
91	0.45000	771.081	-436.232	393.476	0.000	0.000	0.000
92	0.45500	769.051	-436.255	393.590	0.000	0.000	0.000
93	0.46000	767.057	-436.321	393.444	0.000	0.000	0.000
94	0.46500	765.015	-436.400	393.323	0.000	0.000	0.000
95	0.47000	762.963	-436.558	393.296	0.000	0.000	0.000
96	0.47500	760.894	-436.488	393.212	0.000	0.000	0.000
97	0.48000	758.804	-436.468	393.366	0.000	0.000	0.000
98	0.48500	756.763	-436.479	393.343	0.000	0.000	0.000
99	0.49000	754.701	-436.560	393.273	0.000	0.000	0.000
100	0.49500	752.648	-436.356	393.409	0.000	0.000	0.000
101	0.50000	750.630	-436.489	393.191	0.000	0.000	0.000
102	0.50500	748.569	-436.385	393.247	0.000	0.000	0.000
103	0.51000	746.494	-436.484	393.330	0.000	0.000	0.000
104	0.51500	744.422	-436.340	393.227	0.000	0.000	0.000
105	0.52000	742.356	-436.332	393.334	0.000	0.000	0.000
106	0.52500	740.317	-436.298	393.375	0.000	0.000	0.000
107	0.53000	738.297	-436.279	393.290	0.000	0.000	0.000
108	0.53500	736.239	-436.165	393.446	0.000	0.000	0.000
109	0.54000	734.179	-436.162	393.425	0.000	0.000	0.000
110	0.54500	732.115	-435.939	393.510	0.000	0.000	0.000
111	0.55000	730.046	-436.000	393.632	0.000	0.000	0.000
112	0.55500	727.995	-436.002	393.436	0.000	0.000	0.000
113	0.56000	725.969	-436.052	393.391	0.000	0.000	0.000
114	0.56500	723.904	-436.008	393.411	0.000	0.000	0.000
115	0.57000	721.862	-435.947	393.437	-23.350	-440.871	398.015
116	0.57500	719.788	-435.902	393.626	-22.374	-440.871	398.015
117	0.58000	717.733	-435.816	393.671	-21.391	-440.876	398.029
118	0.58500	715.683	-435.753	393.823	-20.417	-440.713	398.011
119	0.59000	713.623	-435.782	393.916	-19.460	-440.725	398.053
120	0.59500	711.575	-435.801	394.243	-18.496	-440.736	398.055
121	0.60000	709.542	-435.805	393.766	-17.586	-440.830	398.092
122	0.60500	707.469	-435.839	393.882	-16.643	-440.867	398.110
123	0.61000	705.380	-435.749	394.636	-15.719	-440.925	398.115
124	0.61500	703.350	-435.826	394.008	-14.777	-441.031	398.116
125	0.62000	701.241	-435.682	395.298	-13.827	-441.078	398.095
126	0.62500	699.233	-435.786	394.894	-12.864	-441.105	398.106
127	0.63000	697.187	-435.896	395.995	-11.886	-441.112	398.115
128	0.63500	695.143	-435.911	395.622	-10.892	-441.097	398.207
129	0.64000	692.976	-436.190	396.989	-9.920	-441.076	398.259
130	0.64500	690.940	-435.825	397.557	-8.984	-440.845	398.216
131	0.65000	688.988	-436.209	395.907	-8.042	-440.881	398.224
132	0.65500	686.939	-436.273	397.014	-7.110	-440.907	398.250
133	0.66000	684.873	-436.271	396.935	-6.182	-440.960	398.289
134	0.66500	682.772	-436.270	398.056	-5.230	-441.005	398.277
135	0.67000	680.730	-435.975	398.108	-4.300	-441.027	398.308
136	0.67500	678.682	-436.409	396.919	-3.347	-441.042	398.268
137	0.68000	676.626	-436.264	398.324	-2.359	-441.033	398.300
138	0.68500	674.635	-436.493	398.092	-1.385	-440.997	398.331
139	0.69000	672.574	-436.502	398.136	-0.428	-440.734	398.283
140	0.69500	670.561	-436.406	398.142	0.541	-440.700	398.301
141	0.70000	668.520	-436.479	398.273	1.495	-440.694	398.322
142	0.70500	666.479	-436.499	398.435	2.428	-440.694	398.329
143	0.71000	664.451	-436.448	398.547	3.355	-440.707	398.406
144	0.71500	662.397	-436.608	398.583	4.296	-440.729	398.457
145	0.72000	660.347	-436.396	398.886	5.259	-440.730	398.523
146	0.72500	658.295	-436.459	398.911	6.192	-440.736	398.534
147	0.73000	656.290	-436.327	399.038	7.175	-440.609	398.508
148	0.73500	654.248	-436.468	398.965	8.126	-440.567	398.405
149	0.74000	652.207	-436.467	398.904	9.075	-440.558	398.418
150	0.74500	650.165	-436.417	399.091	10.029	-440.550	398.420
151	0.75000	648.112	-436.368	399.203	11.005	-440.558	398.410
152	0.75500	646.094	-436.319	399.044	11.954	-440.539	398.510
153	0.76000	644.064	-436.216	399.320	12.917	-440.534	398.583
154	0.76500	642.019	-436.253	399.010	13.860	-440.537	398.670
155	0.77000	639.990	-436.090	399.250	14.816	-440.579	398.677
156	0.77500	637.943	-436.144	399.145	15.746	-440.599	398.709
157	0.78000	635.918	-436.260	399.235	16.686	-440.456	398.674
158	0.78500	633.885	-436.178	399.241	17.643	-440.489	398.599
159	0.79000	631.853	-436.125	399.444	18.600	-440.497	398.580
160	0.79500	629.830	-436.084	399.462	19.556	-440.517	398.564
161	0.80000	627.806	-436.012	399.444	20.505	-440.529	398.507
162	0.80500	625.769	-435.952	399.329	21.449	-440.548	398.519
163	0.81000	623.738	-435.851	399.616	22.392	-440.562	398.560
164	0.81500	621.692	-435.935	399.307	23.343	-440.571	398.615
165	0.82000	619.673	-435.854	399.628	24.294	-440.604	398.672
166	0.82500	617.628	-435.837	399.354	25.259	-440.626	398.731
167	0.83000	615.600	-435.769	399.800	26.229	-440.725	398.761
168	0.83500	613.586	-435.716	399.927	27.196	-440.637	398.796
169	0.84000	611.533	-435.846	399.568	28.151	-440.601	398.741
170	0.84500	609.496	-435.772	399.656	29.139	-440.592	398.761
171	0.85000	607.487	-435.785	399.646	30.092	-440.596	398.767
172	0.85500	605.461	-435.846	399.499	31.050	-440.617	398.762
173	0.86000	603.438	-435.839	399.797	31.988	-440.624	398.769
174	0.86500	601.384	-435.773	399.808	32.914	-440.638	398.776
175	0.87000	599.353	-435.724	399.838	33.859	-440.680	398.800
176	0.87500	597.305	-435.880	399.870	34.792	-440.734	398.824
177	0.88000	595.265	-435.891	400.045	35.731	-440.769	398.836
178	0.88500	593.215	-435.970	399.702	36.683	-440.800	398.850
179	0.89000	591.199	-436.105	399.971	37.658	-440.805	398.878
180	0.89500	589.190	-436.285	399.912	38.610	-440.635	398.794
181	0.90000	587.185	-436.243	400.353	39.579	-440.589	398.780
182	0.90500	585.165	-436.336	399.787	40.533	-440.577	398.768
183	0.91000	583.175	-436.311	400.324	41.486	-440.559	398.730
184	0.91500	581.136	-436.317	400.076	42.419	-440.561	398.760
185	0.92000	579.103	-436.274	400.181	43.357	-440.546	398.835
186	0.92500	577.027	-436.515	399.846	44.312	-440.577	398.911
187	0.93000	575.000	-436.491	399.884	45.253	-440.582	399.014
188	0.93500	572.993	-436.495	400.321	46.220	-440.444	399.023
189	0.94000	570.952	-436.405	400.298	47.192	-440.410	399.016
190	0.94500	568.902	-436.601	400.228	48.163	-440.400	399.011
191	0.95000	566.865	-436.762	400.212	49.136	-440.368	398.969
192	0.95500	564.908	-436.876	400.368	50.075	-440.320	398.967
193	0.96000	562.872	-436.838	400.126	51.029	-440.305	398.993
194	0.96500	560.868	-436.795	400.758	51.999	-440.284	399.049
195	0.97000	558.816	-436.835	400.333	52.939	-440.110	399.033
196	0.97500	556.855	-436.734	400.707	53.883	-440.102	399.032
197	0.98000	554.766	-436.962	400.040	54.798	-440.104	399.085
198	0.98500	552.794	-436.849	400.766	55.741	-440.127	399.115
199	0.99000	550.758	-436.878	400.468	56.690	-440.143	399.105
200	0.99500	548.757	-436.797	400.631	57.641	-440.185	399.096
201	1.00000	546.730	-436.764	400.621	58.605	-440.204	399.034
202	1.00500	544.702	-436.725	400.749	59.562	-440.219	399.013
203	1.01000	542.675	-436.702	400.611	60.519	-440.214	399.021
204	1.01500	540.641	-436.721	400.415	61.482	-440.201	399.100
205	1.02000	538.625	-436.773	400.618	62.430	-440.062	399.082
206	1.02500	536.604	-436.755	400.880	63.370	-440.055	399.075
207	1.03000	534.583	-436.725	400.860	64.315	-440.079	399.112
208	1.03500	532.564	-436.600	400.827	65.259	-440.107	399.179
209	1.04000	530.518	-436.626	400.681	66.194	-440.217	399.218
210	1.04500	528.528	-436.561	400.903	67.148	-440.260	399.217
211	1.05000	526.520	-436.503	401.039	68.128	-440.300	399.194
212	1.05500	524.433	-436.472	400.852	69.071	-440.385	399.220
213	1.06000	522.445	-436.536	401.013	70.037	-440.395	399.224
214	1.06500	520.366	-436.536	400.689	70.996	-440.411	399.243
215	1.07000	518.352	-436.529	400.703	71.962	-440.417	399.249
216	1.07500	516.349	-436.465	400.804	72.929	-440.363	399.244
217	1.08000	514.379	-436.359	401.249	73.873	-440.374	399.319
218	1.08500	512.404	-436.239	401.390	74.801	-440.311	399.311
219	1.09000	510.301	-436.187	401.108	75.744	-440.330	399.389
220	1.09500	508.320	-436.246	400.948	76.697	-440.340	399.425
221	1.10000	506.354	-436.403	400.823	77.665	-440.359	399.409
222	1.10500	504.319	-436.234	401.268	78.628	-440.346	399.377
223	1.11000	502.314	-436.302	401.527	79.583	-440.352	399.388
224	1.11500	500.273	-436.291	401.431	80.538	-440.350	399.371
225	1.12000	498.336	-436.408	401.593	81.499	-440.355	399.371
226	1.12500	496.346	-436.389	401.555	82.445	-440.364	399.399
227	1.13000	494.312	-436.411	401.456	83.367	-440.265	399.345
228	1.13500	492.310	-436.477	401.471	84.324	-440.211	399.414
229	1.14000	490.250	-436.574	400.997	85.270	-440.223	399.473
230	1.14500	488.294	-436.529	401.577	86.196	-440.234	399.543
231	1.15000	486.285	-436.474	401.602	87.142	-440.234	399.575
232	1.15500	484.229	-436.569	401.200	88.107	-440.237	399.525
233	1.16000	482.245	-436.617	401.390	89.079	-440.238	399.490
234	1.16500	480.216	-436.600	401.286	90.043	-440.237	399.442
235	1.17000	478.169	-436.696	400.993	91.026	-440.226	399.440
236	1.17500	476.199	-436.647	401.367	91.964	-439.982	399.437
237	1.18000	474.177	-436.649	401.443	92.919	-439.894	399.431
238	1.18500	472.147	-436.670	401.372	93.860	-439.870	399.482
239	1.19000	470.142	-436.790	401.536	94.793	-439.874	399.547
240	1.19500	468.137	-436.891	401.750	95.722	-439.896	399.599
241	1.20000	466.085	-436.914	401.612	96.667	-440.043	399.611
242	1.20500	464.066	-436.978	401.568	97.611	-440.080	399.610
243	1.21000	462.093	-437.048	401.435	98.598	-440.104	399.560
244	1.21500	460.109	-437.162	401.518	99.563	-440.116	399.549
245	1.22000	458.112	-437.190	401.480	100.520	-440.119	399.525
246	1.22500	456.042	-437.152	401.085	101.468	-439.976	399.476
247	1.23000	454.075	-437.189	401.281	102.424	-439.813	399.521
248	1.23500	452.068	-437.171	401.354	103.372	-439.870	399.582
249	1.24000	450.046	-437.176	401.245	104.299	-439.871	399.642
250	1.24500	448.040	-437.266	401.374	105.240	-439.939	399.662
251	1.25000	446.048	-437.256	401.395	106.175	-439.972	399.711
252	1.25500	444.044	-437.241	401.431	107.127	-440.012	399.707
253	1.26000	442.029	-437.216	401.395	108.086	-440.032	399.690
254	1.26500	440.011	-437.211	401.273	109.051	-440.044	399.689
255	1.27000	437.993	-437.175	401.225	110.018	-440.070	399.661
256	1.27500	436.027	-437.280	401.486	110.984	-440.075	399.662
257	1.28000	434.008	-437.239	401.444	111.918	-439.972	399.595
258	1.28500	432.001	-437.194	401.552	112.872	-439.914	399.621
259	1.29000	430.009	-437.192	401.551	113.837	-439.911	399.681
260	1.29500	427.976	-437.149	401.514	114.782	-439.936	399.725
261	1.30000	425.952	-437.150	401.400	115.689	-439.957	399.807
262	1.30500	423.969	-437.118	401.536	116.627	-439.991	399.838
263	1.31000	421.946	-437.214	401.398	117.587	-440.020	399.831
264	1.31500	419.938	-437.165	401.322	118.556	-440.037	399.811
265	1.32000	417.935	-437.127	401.493	119.517	-440.040	399.804
266	1.32500	415.882	-437.073	401.586	120.479	-440.049	399.771
267	1.33000	413.873	-437.030	401.521	121.432	-440.039	399.807
268	1.33500	411.866	-437.022	401.478	122.383	-440.045	399.846
269	1.34000	409.840	-437.007	401.412	123.337	-439.906	399.761
270	1.34500	407.828	-437.052	401.376	124.275	-439.909	399.799
271	1.35000	405.823	-437.043	401.365	125.214	-439.916	399.837
272	1.35500	403.847	-437.054	401.525	126.151	-439.935	399.906
273	1.36000	401.845	-437.028	401.404	127.097	-439.952	399.934
274	1.36500	399.837	-437.005	401.453	128.060	-439.951	399.935
275	1.37000	397.791	-437.036	401.319	129.024	-439.949	399.910
276	1.37500	395.786	-437.008	401.260	129.993	-439.942	399.929
277	1.38000	393.801	-437.092	401.352	130.969	-439.931	399.907
278	1.38500	391.814	-437.090	401.411	131.895	-439.839	399.828
279	1.39000	389.789	-437.095	401.338	132.873	-439.761	399.863
280	1.39500	387.770	-437.066	401.356	133.827	-439.753	399.912
281	1.40000	385.768	-437.123	401.237	134.761	-439.756	399.944
282	1.40500	383.773	-437.133	401.275	135.694	-439.746	400.005
283	1.41000	381.765	-437.232	401.279	136.627	-439.766	400.040
284	1.41500	379.823	-437.287	401.287	137.574	-439.781	400.077
285	1.42000	377.805	-437.272	401.225	138.552	-439.792	400.064
286	1.42500	375.802	-437.301	401.125	139.511	-439.800	400.034
287	1.43000	373.804	-437.311	401.115	140.475	-439.806	400.020
288	1.43500	371.806	-437.402	401.192	141.426	-439.648	399.937
289	1.44000	369.801	-437.402	401.153	142.360	-439.615	399.947
290	1.44500	367.781	-437.406	401.111	143.305	-439.542	399.987
291	1.45000	365.771	-437.417	401.062	144.242	-439.533	400.000
292	1.45500	363.771	-437.450	401.071	145.184	-439.548	400.029
293	1.46000	361.762	-437.551	401.064	146.112	-439.628	400.088
294	1.46500	359.753	-437.556	401.093	147.057	-439.664	400.091
295	1.47000	357.752	-437.567	401.048	148.022	-439.699	400.086
296	1.47500	355.700	-437.619	401.103	148.975	-439.725	400.049
297	1.48000	353.722	-437.706	401.014	149.949	-439.742	400.032
298	1.48500	351.720	-437.738	400.982	150.907	-439.756	400.041
299	1.49000	349.745	-437.842	401.048	151.859	-439.615	399.970
300	1.49500	347.739	-437.838	401.004	152.815	-439.605	400.009
301	1.50000	345.723	-437.830	400.976	153.758	-439.607	400.046
302	1.50500	343.715	-437.870	400.891	154.694	-439.616	400.069
303	1.51000	341.711	-437.863	400.925	155.621	-439.626	400.135
304	1.51500	339.715	-437.951	400.969	156.577	-439.653	400.179
305	1.52000	337.718	-437.918	400.931	157.513	-439.689	400.206
306	1.52500	335.692	-437.927	400.839	158.507	-439.689	400.215
307	1.53000	333.723	-437.924	400.887	159.468	-439.705	400.204
308	1.53500	331.710	-437.930	400.808	160.456	-439.709	400.200
309	1.54000	329.712	-437.894	400.787	161.412	-439.692	400.248
310	1.54500	327.699	-437.947	400.782	162.359	-439.546	400.170
311	1.55000	325.704	-437.946	400.787	163.326	-439.546	400.179
312	1.55500	323.713	-437.934	400.814	164.264	-439.548	400.211
313	1.56000	321.731	-437.923	400.832	165.206	-439.556	400.260
314	1.56500	319.733	-437.905	400.783	166.127	-439.572	400.320
315	1.57000	317.707	-437.903	400.680	167.079	-439.590	400.358
316	1.57500	315.693	-437.893	400.682	168.013	-439.611	400.350
317	1.58000	313.701	-437.973	400.698	168.962	-439.624	400.317
318	1.58500	311.696	-437.958	400.695	169.934	-439.644	400.275
319	1.59000	309.705	-437.948	400.654	170.896	-439.639	400.274
320	1.59500	307.686	-437.935	400.606	171.827	-439.536	400.204
321	1.60000	305.681	-437.915	400.566	172.792	-439.475	400.204
322	1.60500	303.643	-437.842	400.690	173.731	-439.469	400.216
323	1.61000	301.622	-437.926	400.672	174.683	-439.470	400.262
324	1.61500	299.653	-437.909	400.643	175.614	-439.480	400.289
325	1.62000	297.643	-437.914	400.651	176.549	-439.501	400.362
326	1.62500	295.651	-437.907	400.592	177.503	-439.511	400.382
327	1.63000	293.642	-437.901	400.561	178.471	-439.516	400.406
328	1.63500	291.659	-437.882	400.543	179.441	-439.523	400.401
329	1.64000	289.641	-437.999	400.521	180.412	-439.511	400.398
330	1.64500	287.640	-437.982	400.536	181.362	-439.397	400.311
331	1.65000	285.697	-438.035	400.455	182.332	-439.339	400.336
332	1.65500	283.699	-438.042	400.403	183.287	-439.331	400.361
333	1.66000	281.683	-438.020	400.503	184.227	-439.321	400.383
334	1.66500	279.696	-438.061	400.370	185.165	-439.320	400.436
335	1.67000	277.725	-438.157	400.404	186.104	-439.331	400.489
336	1.67500	275.707	-438.177	400.345	187.022	-439.351	400.525
337	1.68000	273.723	-438.167	400.317	187.971	-439.368	400.539
338	1.68500	271.734	-438.186	400.324	188.930	-439.392	400.513
339	1.69000	269.727	-438.180	400.312	189.888	-439.399	400.486
340	1.69500	267.756	-438.258	400.364	190.833	-439.310	400.394
341	1.70000	265.739	-438.254	400.326	191.799	-439.246	400.412
342	1.70500	263.735	-438.269	400.250	192.756	-439.247	400.418
343	1.71000	261.730	-438.292	400.225	193.693	-439.163	400.445
344	1.71500	259.739	-438.301	400.208	194.642	-439.167	400.465
345	1.72000	257.757	-438.410	400.247	195.591	-439.177	400.486
346	1.72500	255.763	-438.411	400.222	196.519	-439.274	400.551
347	1.73000	253.765	-438.393	400.183	197.473	-439.295	400.591
348	1.73500	251.753	-438.422	400.115	198.422	-439.317	400.615
349	1.74000	249.767	-438.425	400.089	199.399	-439.313	400.647
350	1.74500	247.777	-438.513	400.160	200.364	-439.327	400.647
351	1.75000	245.773	-438.510	400.121	201.308	-439.240	400.565
352	1.75500	243.782	-438.520	400.091	202.261	-439.185	400.591
353	1.76000	241.770	-438.559	400.044	203.208	-439.195	400.574
354	1.76500	239.800	-438.545	400.088	204.135	-439.201	400.538
355	1.77000	237.802	-438.639	400.070	205.073	-439.221	400.536
356	1.77500	235.793	-438.628	400.035	205.991	-439.251	400.590
357	1.78000	233.812	-438.629	400.012	206.952	-439.262	400.730
358	1.78500	231.805	-438.630	399.956	207.887	-439.303	400.761
359	1.79000	219.826	-438.571	400.558	208.127	-439.336	400.764
360	1.79500	211.824	-436.910	411.814	207.836	-439.378	400.756
361	1.80000	211.253	-437.199	412.672	207.179	-439.445	400.751
362	1.80500	229.744	-439.022	400.237	206.321	-439.554	400.766
363	1.81000	229.782	-439.090	400.236	205.425	-439.721	400.815
364	1.81500	229.860	-439.090	400.168	204.483	-439.702	400.800
365	1.82000	230.001	-438.559	400.021	203.631	-439.191	400.671
366	1.82500	230.139	-438.011	400.159	202.589	-438.818	400.722
367	1.83000	230.236	-437.424	400.210	201.692	-438.098	400.575
368	1.83500	230.276	-437.525	400.136	200.927	-437.916	400.575
369	1.84000	230.269	-437.785	399.978	200.318	-438.160	400.707
370	1.84500	230.232	-437.897	400.001	199.659	-438.557	400.654
371	1.85000	230.111	-438.174	400.158	199.006	-438.816	400.658
372	1.85500	230.215	-438.484	399.976	198.438	-439.154	400.583
373	1.86000	230.188	-438.607	399.912	197.798	-439.418	400.487
374	1.86500	230.181	-438.672	400.018	197.206	-439.632	400.594
375	1.87000	230.054	-438.921	400.233	196.586	-439.915	400.550
376	1.87500	230.148	-439.243	400.064	195.962	-440.108	400.530
377	1.88000	230.084	-439.384	399.959	195.343	-440.190	400.597
378	1.88500	230.033	-439.460	399.931	194.690	-440.249	400.566
379	1.89000	230.018	-439.481	400.004	194.113	-440.219	400.639
380	1.89500	230.005	-439.463	399.999	193.500	-440.169	400.570
381	1.90000	229.991	-439.437	399.994	192.928	-440.090	400.510
382	1.90500	229.981	-439.376	399.988	192.369	-439.916	400.524
383	1.91000	229.977	-439.292	400.000	191.732	-439.778	400.491
384	1.91500	229.928	-439.188	400.026	191.197	-439.507	400.568
385	1.92000	229.842	-438.833	400.075	190.605	-439.296	400.350
386	1.92500	229.878	-438.636	399.957	190.013	-439.036	400.443
387	1.93000	229.855	-438.536	399.947	189.400	-438.920	400.477
388	1.93500	229.825	-438.415	399.994	188.772	-438.736	400.447
389	1.94000	229.750	-438.081	400.077	188.212	-438.595	400.523
390	1.94500	229.772	-437.975	400.018	187.615	-438.450	400.473
391	1.95000	229.752	-437.823	399.962	187.054	-438.311	400.550
392	1.95500	229.735	-437.766	399.940	186.451	-438.245	400.547
393	1.96000	229.713	-437.699	399.976	185.891	-438.097	400.462
394	1.96500	229.675	-437.654	400.008	185.302	-438.053	400.537
395	1.97000	229.624	-437.585	400.081	184.710	-438.075	400.467
396	1.97500	229.640	-437.625	400.012	184.139	-438.072	400.564
397	1.98000	229.606	-437.673	399.989	183.531	-438.231	400.480
398	1.98500	229.602	-437.733	399.944	182.990	-438.302	400.455
399	1.99000	229.585	-437.794	399.942	182.440	-438.405	400.370
400	1.99500	229.568	-437.861	399.939	181.896	-438.628	400.306
401	2.00000	229.518	-438.007	400.005	181.349	-438.798	400.388
402	2.00500	229.477	-438.085	400.041	180.739	-438.938	400.321
403	2.01000	229.491	-438.403	400.000	180.194	-439.078	400.416
404	2.01500	229.495	-438.497	399.944	179.598	-439.229	400.279
405	2.02000	229.462	-438.578	399.892	179.065	-439.440	400.470
406	2.02500	229.450	-438.643	399.906	178.457	-439.521	400.403
407	2.03000	229.428	-438.769	399.980	177.875	-439.628	400.372
408	2.03500	229.364	-438.858	400.025	177.330	-439.784	400.395
409	2.04000	229.300	-439.005	400.134	176.773	-440.018	400.363
410	2.04500	229.407	-439.207	399.993	176.243	-440.068	400.401
411	2.05000	229.381	-439.251	399.957	175.648	-440.191	400.325
412	2.05500	229.371	-439.276	399.971	175.101	-440.182	400.417
413	2.06000	229.344	-439.289	399.963	174.502	-440.202	400.337
414	2.06500	229.334	-439.288	399.975	173.953	-440.193	400.355
415	2.07000	229.327	-439.272	399.988	173.381	-440.088	400.351
416	2.07500	229.301	-439.246	399.979	172.803	-440.033	400.288
417	2.08000	229.285	-439.209	400.003	172.272	-439.927	400.381
418	2.08500	229.246	-439.153	400.034	171.706	-439.768	400.290
419	2.09000	229.142	-438.937	400.144	171.220	-439.660	400.335
420	2.09500	229.175	-438.834	400.013	170.639	-439.588	400.228
421	2.10000	229.194	-438.761	399.986	170.087	-439.382	400.181
422	2.10500	229.174	-438.637	399.976	169.461	-439.292	400.196
423	2.11000	229.174	-438.589	399.929	168.877	-439.185	400.250
424	2.11500	229.149	-438.555	399.920	168.325	-439.132	400.328
425	2.12000	229.151	-438.472	399.993	167.731	-439.042	400.235
426	2.12500	229.136	-438.415	400.017	167.214	-438.969	400.306
427	2.13000	229.007	-438.197	400.165	166.612	-438.931	400.213
428	2.13500	229.047	-438.063	400.095	166.102	-438.873	400.272
429	2.14000	229.067	-438.020	400.039	165.525	-438.824	400.214
430	2.14500	229.062	-437.991	400.021	164.955	-438.767	400.246
431	2.15000	229.045	-437.953	399.999	164.388	-438.739	400.250
432	2.15500	229.047	-437.919	399.999	163.795	-438.692	400.219
433	2.16000	229.029	-437.827	399.960	163.261	-438.594	400.288
434	2.16500	229.019	-437.786	400.001	162.676	-438.608	400.145
435	2.17000	229.006	-437.780	399.997	162.170	-438.653	400.210
436	2.17500	229.001	-437.781	399.980	161.604	-438.715	400.089
437	2.18000	228.986	-437.790	399.976	161.083	-438.852	400.186
438	2.18500	228.964	-437.800	399.985	160.509	-438.871	400.179
439	2.19000	228.949	-437.827	399.982	159.895	-438.896	400.134
440	2.19500	228.928	-437.932	399.979	159.342	-438.902	400.219
441	2.20000	228.918	-437.976	399.993	158.723	-438.935	400.130
442	2.20500	228.891	-438.015	400.032	158.195	-438.946	400.251
443	2.21000	228.866	-438.047	400.071	157.609	-439.004	400.112
444	2.21500	228.773	-438.189	400.171	157.082	-439.033	400.132
445	2.22000	228.874	-438.414	400.015	156.528	-439.229	400.184
446	2.22500	228.864	-438.489	399.954	155.941	-439.380	400.136
447	2.23000	228.845	-438.555	399.906	155.399	-439.448	400.184
448	2.23500	228.840	-438.605	399.936	154.798	-439.614	400.077
449	2.24000	228.829	-438.643	399.949	154.265	-439.657	400.185
450	2.24500	228.813	-438.771	399.964	153.629	-439.756	400.099
451	2.25000	228.765	-438.833	400.013	153.118	-439.898	400.217
452	2.25500	228.701	-438.940	400.120	152.562	-439.956	400.161
453	2.26000	228.781	-439.108	400.016	151.998	-440.107	400.077
454	2.26500	228.787	-439.211	399.962	151.482	-440.127	400.131
455	2.27000	228.764	-439.221	399.971	150.888	-440.163	400.009
456	2.27500	228.767	-439.246	399.942	150.376	-440.138	400.135
457	2.28000	228.750	-439.248	399.968	149.761	-440.158	400.023
458	2.28500	228.746	-439.229	399.950	149.226	-440.161	400.059
459	2.29000	228.733	-439.197	399.945	148.639	-440.147	400.054
460	2.29500	228.699	-439.139	399.993	148.068	-440.132	400.024
461	2.30000	228.651	-438.861	400.011	147.512	-439.987	400.110
462	2.30500	228.655	-438.814	399.980	146.938	-439.927	400.006
463	2.31000	228.677	-438.677	399.906	146.421	-439.823	400.115
464	2.31500	228.675	-438.626	399.934	145.842	-439.763	400.024
465	2.32000	228.654	-438.576	399.895	145.330	-439.677	400.077
466	2.32500	228.643	-438.516	399.890	144.749	-439.533	400.057
467	2.33000	228.645	-438.445	399.963	144.170	-439.466	400.041
468	2.33500	228.585	-438.332	400.047	143.624	-439.301	400.115
469	2.34000	228.518	-438.152	400.109	143.034	-439.262	400.040
470	2.34500	228.580	-438.036	400.031	142.529	-439.199	400.082
471	2.35000	228.586	-438.001	399.971	141.958	-439.167	399.954
472	2.35500	228.582	-437.964	399.954	141.445	-439.126	400.010
473	2.36000	228.576	-437.853	399.948	140.869	-439.099	399.968
474	2.36500	228.591	-437.826	399.951	140.296	-439.072	399.971
475	2.37000	228.573	-437.807	399.930	139.750	-439.025	400.007
476	2.37500	228.568	-437.804	399.913	139.153	-439.008	399.948
477	2.38000	228.568	-437.804	399.913	138.624	-438.969	400.061
478	2.38500	228.545	-437.822	399.923	138.043	-438.975	399.949
479	2.39000	228.543	-437.842	399.923	137.496	-438.969	399.988
480	2.39500	228.541	-437.958	399.941	136.946	-438.980	399.955
481	2.40000	228.523	-437.994	399.967	136.375	-439.022	399.905
482	2.40500	228.492	-438.041	399.990	135.828	-439.054	399.918
483	2.41000	228.460	-438.106	400.014	135.231	-439.116	399.836
484	2.41500	228.423	-438.280	400.087	134.701	-439.258	400.019
485	2.42000	228.493	-438.460	399.919	134.119	-439.287	399.938
486	2.42500	228.488	-438.533	399.875	133.566	-439.320	399.965
487	2.43000	228.478	-438.578	399.889	132.995	-439.363	399.974
488	2.43500	228.468	-438.622	399.903	132.431	-439.530	399.902
489	2.44000	228.451	-438.670	399.899	131.920	-439.601	399.911
490	2.44500	228.430	-438.800	399.974	131.365	-439.748	399.769
491	2.45000	228.417	-438.839	400.017	130.866	-439.913	399.902
492	2.45500	228.348	-438.956	400.108	130.271	-439.947	399.821
493	2.46000	228.392	-439.050	400.049	129.690	-439.970	399.845
494	2.46500	228.430	-439.166	399.975	129.130	-440.001	399.859
495	2.47000	228.430	-439.192	399.976	128.550	-440.075	399.829
496	2.47500	228.431	-439.191	399.977	128.010	-440.139	399.863
497	2.48000	228.387	-439.121	400.036	127.405	-440.233	399.771
498	2.48500	228.339	-439.058	400.079	126.897	-440.341	399.901
499	2.49000	228.313	-438.950	400.082	126.321	-440.338	399.869
500	2.49500	228.383	-438.851	399.992	125.758	-440.316	399.839
501	2.50000	228.384	-438.818	399.991	125.213	-440.270	399.883
502	2.50500	228.396	-438.779	399.947	124.637	-440.254	399.823
503	2.51000	228.393	-438.660	399.912	124.119	-440.197	399.872
504	2.51500	228.387	-438.623	399.924	123.531	-440.173	399.810
505	2.52000	228.392	-438.588	399.894	122.987	-440.137	399.827
506	2.52500	228.366	-438.547	399.885	122.432	-440.104	399.814
507	2.53000	228.371	-438.500	399.930	121.862	-440.073	399.799
508	2.53500	228.383	-438.448	399.962	121.342	-440.023	399.805
509	2.54000	228.368	-438.411	399.987	120.774	-439.982	399.733
510	2.54500	228.290	-438.278	400.093	120.241	-439.915	399.811
511	2.55000	228.254	-438.130	400.137	119.633	-439.670	399.709
512	2.55500	228.313	-438.056	400.014	119.077	-439.547	399.711
513	2.56000	228.321	-438.033	400.000	118.504	-439.537	399.699
514	2.56500	228.330	-438.003	399.987	117.915	-439.526	399.641
515	2.57000	228.338	-437.980	399.973	117.420	-439.571	399.805
516	2.57500	228.347	-437.983	399.960	116.839	-439.542	399.733
517	2.58000	228.347	-437.970	399.960	116.308	-439.521	399.758
518	2.58500	228.338	-437.974	399.972	115.739	-439.482	399.746
519	2.59000	228.333	-437.977	399.956	115.163	-439.477	399.720
520	2.59500	228.333	-437.982	399.956	114.618	-439.426	399.798
521	2.60000	228.324	-437.987	399.969	114.022	-439.423	399.755
522	2.60500	228.307	-438.014	399.995	113.498	-439.391	399.824
523	2.61000	228.299	-438.025	400.008	112.912	-439.400	399.741
524	2.61500	228.281	-438.046	400.034	112.363	-439.390	399.721
525	2.62000	228.268	-438.084	400.032	111.842	-439.399	399.707
526	2.62500	228.204	-438.198	400.140	111.282	-439.422	399.630
527	2.63000	228.253	-438.330	400.055	110.758	-439.418	399.701
528	2.63500	228.304	-438.417	399.983	110.175	-439.454	399.637
529	2.64000	228.300	-438.470	399.938	109.637	-439.476	399.679
530	2.64500	228.287	-438.509	399.906	109.047	-439.496	399.656
531	2.65000	228.294	-438.537	399.894	108.450	-439.539	399.590
532	2.65500	228.294	-438.570	399.895	107.928	-439.672	399.729
533	2.66000	228.290	-438.586	399.925	107.334	-439.697	399.635
534	2.66500	228.288	-438.614	399.925	106.848	-439.713	399.671
535	2.67000	228.281	-438.650	399.909	106.261	-439.748	399.593
536	2.67500	228.288	-438.747	399.914	105.713	-439.804	399.579
537	2.68000	228.278	-438.772	399.927	105.184	-439.983	399.626
538	2.68500	228.279	-438.798	399.974	104.560	-440.050	399.560
539	2.69000	228.262	-438.825	400.000	104.004	-440.118	399.662
540	2.69500	228.245	-438.853	400.027	103.427	-440.266	399.638
541	2.70000	228.242	-438.867	400.057	102.885	-440.284	399.640
542	2.70500	228.180	-438.944	400.133	102.336	-440.306	399.627
543	2.71000	228.181	-438.949	400.134	101.778	-440.333	399.528
544	2.71500	228.168	-438.949	400.130	101.283	-440.325	399.580
545	2.72000	228.168	-438.924	400.129	100.704	-440.337	399.491
546	2.72500	228.224	-438.849	400.036	100.166	-440.299	399.593
547	2.73000	228.230	-438.827	400.052	99.591	-440.295	399.577
548	2.73500	228.239	-438.798	400.038	99.010	-440.303	399.517
549	2.74000	228.262	-438.767	399.953	98.472	-440.299	399.593
550	2.74500	228.258	-438.668	399.918	97.871	-440.327	399.490
551	2.75000	228.265	-438.626	399.933	97.354	-440.258	399.638
552	2.75500	228.275	-438.593	399.920	96.762	-440.253	399.520
553	2.76000	228.275	-438.574	399.920	96.200	-440.218	399.535
554	2.76500	228.267	-438.538	399.886	95.687	-440.133	399.598
555	2.77000	228.260	-438.503	399.897	95.117	-440.075	399.469
556	2.77500	228.267	-438.447	399.913	94.607	-439.869	399.562
557	2.78000	228.206	-438.306	400.070	93.999	-439.819	399.472
558	2.78500	228.159	-438.182	400.156	93.471	-439.747	399.535
559	2.79000	228.210	-438.085	400.045	92.902	-439.708	399.536
560	2.79500	228.227	-438.052	400.019	92.308	-439.691	399.479
561	2.80000	228.227	-438.040	400.018	91.813	-439.653	399.562
562	2.80500	228.241	-438.014	400.021	91.228	-439.665	399.436
563	2.81000	228.236	-438.004	400.004	90.734	-439.626	399.520
564	2.81500	228.242	-437.994	400.021	90.163	-439.611	399.424
565	2.82000	228.266	-437.989	399.982	89.582	-439.589	399.426
566	2.82500	228.250	-437.997	400.008	89.061	-439.562	399.479
567	2.83000	228.252	-438.015	399.979	88.439	-439.550	399.420
568	2.83500	228.241	-438.008	400.021	87.901	-439.534	399.558
569	2.84000	228.249	-438.023	400.009	87.287	-439.568	399.432
570	2.84500	228.240	-438.047	400.022	86.763	-439.719	399.483
571	2.85000	228.240	-438.059	400.023	86.230	-439.719	399.481
572	2.85500	228.230	-438.097	400.036	85.651	-439.722	399.401
573	2.86000	228.167	-438.198	400.144	85.151	-439.710	399.474
574	2.86500	228.282	-438.384	399.990	84.559	-439.737	399.366
575	2.87000	228.264	-438.451	399.942	84.002	-439.722	399.460
576	2.87500	228.251	-438.501	399.910	83.435	-439.737	399.469
577	2.88000	228.259	-438.536	399.898	82.869	-439.768	399.394
578	2.88500	228.269	-438.551	399.932	82.375	-439.786	399.456
579	2.89000	228.273	-438.575	399.949	81.799	-439.874	399.241
580	2.89500	228.281	-438.603	399.938	81.284	-439.976	399.262
581	2.90000	228.274	-438.627	399.921	80.724	-440.108	399.281
582	2.90500	228.258	-438.661	399.918	80.184	-440.189	399.224
583	2.91000	228.266	-438.751	399.923	79.651	-440.203	399.309
584	2.91500	228.262	-438.773	399.953	79.028	-440.300	399.270
585	2.92000	228.267	-438.784	399.970	78.499	-440.298	399.371
586	2.92500	228.260	-438.814	400.030	77.918	-440.332	399.354
587	2.93000	228.246	-438.814	400.026	77.349	-440.384	399.341
588	2.93500	228.254	-438.829	400.013	76.813	-440.441	399.347
589	2.94000	228.254	-438.823	400.013	76.252	-440.616	399.259
590	2.94500	228.268	-438.823	400.017	75.732	-440.613	399.348
591	2.95000	228.276	-438.820	400.004	75.133	-440.599	399.286
592	2.95500	228.276	-438.813	400.004	74.587	-440.591	399.287
593	2.96000	228.283	-438.789	399.945	74.040	-440.561	399.345
594	2.96500	228.283	-438.783	399.944	73.448	-440.558	399.299
595	2.97000	228.279	-438.759	399.927	72.943	-440.539	399.362
596	2.97500	228.294	-438.744	399.931	72.365	-440.540	399.290
597	2.98000	228.289	-438.659	399.896	71.821	-440.523	399.265
598	2.98500	228.301	-438.634	399.929	71.290	-440.494	399.269
599	2.99000	228.302	-438.620	399.929	70.725	-440.471	399.227
600	2.99500	228.311	-438.595	399.916	70.214	-440.416	399.303
601	3.00000	228.307	-438.577	399.899	69.652	-440.393	399.177
602	3.00500	228.303	-438.551	399.882	69.101	-440.265	399.154
603	3.01000	228.295	-438.530	399.894	68.550	-440.158	399.187
604	3.01500	228.302	-438.495	399.910	67.965	-440.126	399.131
605	3.02000	228.300	-438.471	399.938	67.451	-440.080	399.210
606	3.02500	228.311	-438.440	399.971	66.846	-440.068	399.166
607	3.03000	228.318	-438.405	399.986	66.307	-440.035	399.187
608	3.03500	228.248	-438.291	400.082	65.763	-440.005	399.192
609	3.04000	228.203	-438.206	400.140	65.177	-439.977	399.166
610	3.04500	228.220	-438.173	400.113	64.673	-439.939	399.205
611	3.05000	228.280	-438.098	400.036	64.081	-439.922	399.164
612	3.05500	228.281	-438.085	400.036	63.529	-439.898	399.212
613	3.06000	228.298	-438.076	400.010	62.986	-439.868	399.191
614	3.06500	228.290	-438.067	400.023	62.414	-439.857	399.169
615	3.07000	228.290	-438.067	400.023	61.904	-439.838	399.195
616	3.07500	228.282	-438.071	400.035	61.346	-439.875	399.092
617	3.08000	228.298	-438.069	400.010	60.807	-439.896	399.089
618	3.08500	228.289	-438.074	400.023	60.269	-439.900	399.115
619	3.09000	228.247	-438.128	400.119	59.706	-440.074	399.094
620	3.09500	228.240	-438.156	400.133	59.162	-440.077	399.133
621	3.10000	228.248	-438.196	400.122	58.563	-440.082	399.081
622	3.10500	228.275	-438.287	400.089	57.991	-440.074	399.118
623	3.11000	228.308	-438.342	400.071	57.454	-440.059	399.143
624	3.11500	228.345	-438.405	399.994	56.890	-440.079	399.083
625	3.12000	228.350	-438.452	399.937	56.394	-440.081	399.114
626	3.12500	228.357	-438.468	399.925	55.831	-440.098	399.054
627	3.13000	228.331	-438.513	399.889	55.301	-440.129	399.013
628	3.13500	228.353	-438.535	399.881	54.769	-440.172	399.030
629	3.14000	228.353	-438.547	399.881	54.194	-440.385	399.040
630	3.14500	228.365	-438.580	399.886	53.647	-440.475	399.095
631	3.15000	228.370	-438.591	399.903	53.056	-440.504	399.062
632	3.15500	228.377	-438.614	399.891	52.493	-440.534	399.032
633	3.16000	228.367	-438.640	399.904	51.977	-440.541	399.049
634	3.16500	228.372	-438.657	399.921	51.420	-440.636	398.962
635	3.17000	228.366	-438.679	399.905	50.932	-440.627	399.010
636	3.17500	228.383	-438.760	399.943	50.375	-440.632	398.968
637	3.18000	228.375	-438.771	399.956	49.824	-440.618	398.969
638	3.18500	228.374	-438.790	399.956	49.287	-440.620	399.000
639	3.19000	228.388	-438.796	399.961	48.703	-440.636	398.929
640	3.19500	228.371	-438.797	399.986	48.185	-440.629	399.033
641	3.20000	228.387	-438.797	399.960	47.610	-440.808	399.018
642	3.20500	228.393	-438.788	399.977	47.046	-440.809	398.992
643	3.21000	228.402	-438.770	399.964	46.504	-440.795	399.036
644	3.21500	228.406	-438.768	399.935	45.920	-440.806	398.938
645	3.22000	228.401	-438.682	399.900	45.413	-440.701	398.989
646	3.22500	228.410	-438.677	399.887	44.829	-440.658	398.947
647	3.23000	228.421	-438.646	399.920	44.287	-440.625	398.908
648	3.23500	228.425	-438.631	399.890	43.764	-440.548	398.969
649	3.24000	228.426	-438.616	399.890	43.175	-440.469	398.875
650	3.24500	228.433	-438.594	399.907	42.667	-440.445	398.966
651	3.25000	228.429	-438.582	399.890	42.097	-440.423	398.899
652	3.25500	228.424	-438.559	399.872	41.542	-440.411	398.833
653	3.26000	228.433	-438.540	399.859	41.034	-440.373	398.869
654	3.26500	228.434	-438.539	399.859	40.459	-440.383	398.761
655	3.27000	228.431	-438.509	399.888	39.950	-440.328	398.881
656	3.27500	228.443	-438.478	399.920	39.388	-440.318	398.802
657	3.28000	228.463	-438.455	399.941	38.819	-440.301	398.792
658	3.28500	228.456	-438.433	399.953	38.298	-440.245	398.856
659	3.29000	228.469	-438.420	399.956	37.687	-440.247	398.816
660	3.29500	228.467	-438.396	399.985	37.193	-440.214	398.912
661	3.30000	228.467	-438.390	399.984	36.631	-440.216	398.862
662	3.30500	228.396	-438.285	400.079	36.082	-440.233	398.788
663	3.31000	228.369	-438.227	400.114	35.575	-440.208	398.855
664	3.31500	228.366	-438.216	400.143	34.999	-440.241	398.752
665	3.32000	228.368	-438.221	400.113	34.497	-440.238	398.863
666	3.32500	228.377	-438.192	400.099	33.938	-440.285	398.862
667	3.33000	228.382	-438.209	400.117	33.353	-440.428	398.854
668	3.33500	228.388	-438.199	400.133	32.826	-440.400	398.934
669	3.34000	228.388	-438.193	400.133	32.243	-440.439	398.790
670	3.34500	228.382	-438.202	400.117	31.721	-440.428	398.831
671	3.35000	228.405	-438.228	400.110	31.174	-440.451	398.731
672	3.35500	228.501	-438.362	399.978	30.640	-440.465	398.660
673	3.36000	228.507	-438.391	399.996	30.141	-440.455	398.772
674	3.36500	228.519	-438.422	399.956	29.558	-440.472	398.657
675	3.37000	228.527	-438.443	399.944	29.073	-440.454	398.743
676	3.37500	228.529	-438.463	399.915	28.483	-440.470	398.697
677	3.38000	228.529	-438.475	399.915	27.906	-440.555	398.664
678	3.38500	228.534	-438.486	399.932	27.392	-440.559	398.806
679	3.39000	228.530	-438.519	399.887	26.818	-440.777	398.751
680	3.39500	228.538	-438.533	399.875	26.298	-440.783	398.766
681	3.40000	228.546	-438.556	399.863	25.756	-440.827	398.658
682	3.40500	228.545	-438.570	399.863	25.175	-440.854	398.573
683	3.41000	228.563	-438.581	399.884	24.663	-440.813	398.713
684	3.41500	228.562	-438.596	399.884	24.073	-440.811	398.615
685	3.42000	228.567	-438.619	399.902	23.533	-440.788	398.700
686	3.42500	228.566	-438.633	399.902	23.006	-440.779	398.702
687	3.43000	228.565	-438.647	399.902	22.425	-440.784	398.647
688	3.43500	228.579	-438.659	399.906	21.954	-440.757	398.680
689	3.44000	228.581	-438.678	399.877	21.378	-440.776	398.557
690	3.44500	228.586	-438.676	399.894	20.858	-440.756	398.547
691	3.45000	228.597	-438.671	399.927	20.326	-440.720	398.592
692	3.45500	228.600	-438.688	399.899	19.752	-440.698	398.551
693	3.46000	228.591	-438.693	399.911	19.247	-440.641	398.653
694	3.46500	228.599	-438.689	399.899	18.644	-440.609	398.584
695	3.47000	228.605	-438.686	399.915	18.120	-440.549	398.550
696	3.47500	228.613	-438.675	399.902	17.594	-440.527	398.612
697	3.48000	228.617	-438.655	399.948	17.005	-440.545	398.574
698	3.48500	228.633	-438.659	399.923	16.518	-440.536	398.696
699	3.49000	228.634	-438.639	399.922	15.936	-440.660	398.641
700	3.49500	228.636	-438.619	399.922	15.383	-440.632	398.590
701	3.50000	228.653	-438.608	399.896	14.885	-440.590	398.654
702	3.50500	228.655	-438.582	399.896	14.304	-440.578	398.574
703	3.51000	228.663	-438.578	399.883	13.786	-440.537	398.623
704	3.51500	228.658	-438.574	399.866	13.232	-440.517	398.602
705	3.52000	228.659	-438.547	399.866	12.651	-440.504	398.579
706	3.52500	228.673	-438.527	399.869	12.175	-440.494	398.603
707	3.53000	228.677	-438.506	399.915	11.573	-440.520	398.512
708	3.53500	228.685	-438.502	399.902	11.040	-440.499	398.535
709	3.54000	228.691	-438.480	399.918	10.500	-440.513	398.461
710	3.54500	228.705	-438.467	399.922	9.961	-440.501	398.443
711	3.55000	228.695	-438.440	399.963	9.470	-440.490	398.496
712	3.55500	228.709	-438.433	399.967	8.898	-440.501	398.406
713	3.56000	228.715	-438.424	399.983	8.352	-440.483	398.429
714	3.56500	228.706	-438.416	399.996	7.807	-440.457	398.508
715	3.57000	228.729	-438.412	399.987	7.228	-440.469	398.460
716	3.57500	228.737	-438.400	399.974	6.717	-440.475	398.529
717	3.58000	228.720	-438.397	399.999	6.180	-440.682	398.530
718	3.58500	228.743	-438.385	399.990	5.627	-440.699	398.486
719	3.59000	228.734	-438.391	400.003	5.114	-440.713	398.501
720	3.59500	228.743	-438.392	399.991	4.540	-440.764	398.361
721	3.60000	228.739	-438.375	400.019	4.002	-440.769	398.373
722	3.60500	228.765	-438.388	399.982	3.464	-440.774	398.358
723	3.61000	228.761	-438.390	400.011	2.901	-440.811	398.339
724	3.61500	228.778	-438.400	399.986	2.351	-440.782	398.491
725	3.62000	228.778	-438.407	399.986	1.808	-440.830	398.377
726	3.62500	228.791	-438.421	399.991	1.289	-440.859	398.296
727	3.63000	228.794	-438.438	399.962	0.765	-440.859	398.310
728	3.63500	228.793	-438.452	399.962	0.264	-440.911	398.304
729	3.64000	228.816	-438.460	399.954	-0.261	-441.030	398.345
730	3.64500	228.810	-438.482	399.938	-0.834	-441.022	398.345
731	3.65000	228.817	-438.491	399.926	-1.393	-441.020	398.318
732	3.65500	228.823	-438.501	399.943	-1.928	-441.016	398.360
733	3.66000	228.824	-438.532	399.914	-2.481	-441.023	398.293
734	3.66500	228.824	-438.545	399.915	-3.034	-441.039	398.282
735	3.67000	228.837	-438.558	399.919	-3.598	-441.021	398.297
736	3.67500	228.850	-438.571	399.923	-4.150	-441.033	398.230
737	3.68000	228.860	-438.582	399.957	-4.646	-441.005	398.276
738	3.68500	228.854	-438.590	399.940	-5.224	-440.966	398.263
739	3.69000	228.867	-438.604	399.944	-5.769	-440.951	398.239
740	3.69500	228.885	-438.615	399.965	-6.291	-440.842	398.275
741	3.70000	228.877	-438.620	399.978	-6.850	-440.822	398.223
742	3.70500	228.885	-438.622	399.965	-7.372	-440.784	398.268
743	3.71000	228.899	-438.622	399.969	-7.916	-440.773	398.245
744	3.71500	228.906	-438.638	399.957	-8.474	-440.765	398.194
745	3.72000	228.920	-438.638	399.961	-8.997	-440.712	398.268
746	3.72500	228.920	-438.638	399.961	-9.528	-440.709	398.163
747	3.73000	228.921	-438.630	399.961	-10.056	-440.652	398.160
748	3.73500	228.934	-438.644	399.966	-10.559	-440.625	398.138
749	3.74000	228.940	-438.628	399.982	-11.124	-440.594	398.074
750	3.74500	228.940	-438.634	399.982	-11.633	-440.553	398.151
751	3.75000	228.948	-438.636	399.970	-12.197	-440.530	398.115
752	3.75500	228.954	-438.627	399.986	-12.781	-440.529	398.120
753	3.76000	228.963	-438.622	399.973	-13.269	-440.554	398.243
754	3.76500	228.964	-438.608	399.973	-13.857	-440.718	398.167
755	3.77000	228.967	-438.599	399.944	-14.366	-440.711	398.191
756	3.77500	228.968	-438.587	399.943	-14.902	-440.730	398.186
757	3.78000	228.977	-438.575	399.930	-15.468	-440.732	398.099
758	3.78500	228.985	-438.565	399.917	-15.984	-440.726	398.165
759	3.79000	228.991	-438.562	399.934	-16.549	-440.727	398.077
760	3.79500	229.000	-438.550	399.921	-17.107	-440.736	398.061
761	3.80000	229.011	-438.520	399.953	-17.634	-440.704	398.153
762	3.80500	229.025	-438.507	399.957	-18.200	-440.730	398.039
763	3.81000	229.017	-438.492	399.969	-18.687	-440.720	398.078
764	3.81500	229.037	-438.477	399.990	-19.236	-440.726	398.047
765	3.82000	229.038	-438.462	399.990	-19.768	-440.775	397.921
766	3.82500	229.049	-438.445	400.022	-20.264	-440.992	398.069
767	3.83000	229.058	-438.440	400.010	-20.841	-441.005	398.038
768	3.83500	229.072	-438.433	400.014	-21.355	-441.014	398.050
769	3.84000	229.064	-438.424	400.026	-21.905	-441.012	398.077
770	3.84500	229.078	-438.417	400.030	-22.503	-441.074	398.013
771	3.85000	229.078	-438.417	400.030	-23.015	-441.090	398.080
772	3.85500	229.084	-438.402	400.046	-23.586	-441.118	398.011
773	3.86000	229.092	-438.409	400.034	-24.123	-441.144	397.928
774	3.86500	229.101	-438.412	400.021	0.000	0.000	0.000
775	3.87000	229.114	-438.412	400.026	0.000	0.000	0.000
776	3.87500	229.114	-438.413	400.025	0.000	0.000	0.000
777	3.88000	229.136	-438.414	400.017	0.000	0.000	0.000
778	3.88500	229.135	-438.421	400.017	0.000	0.000	0.000
779	3.89000	229.141	-438.419	400.033	0.000	0.000	0.000
780	3.89500	229.149	-438.421	400.021	0.000	0.000	0.000
781	3.90000	229.148	-438.441	400.021	0.000	0.000	0.000
782	3.90500	229.164	-438.460	399.996	0.000	0.000	0.000
783	3.91000	229.167	-438.483	399.968	0.000	0.000	0.000
784	3.91500	229.160	-438.505	399.952	0.000	0.000	0.000
785	3.92000	229.182	-438.520	399.944	0.000	0.000	0.000
786	3.92500	229.187	-438.531	399.961	0.000	0.000	0.000
787	3.93000	229.190	-438.555	399.932	0.000	0.000	0.000
788	3.93500	229.189	-438.562	399.932	0.000	0.000	0.000
789	3.94000	229.197	-438.584	399.920	0.000	0.000	0.000
790	3.94500	229.202	-438.582	399.937	0.000	0.000	0.000
791	3.95000	229.210	-438.591	399.924	0.000	0.000	0.000
792	3.95500	229.215	-438.596	399.941	0.000	0.000	0.000
793	3.96000	229.229	-438.602	399.945	0.000	0.000	0.000
794	3.96500	229.237	-438.604	399.933	0.000	0.000	0.000
795	3.97000	229.242	-438.609	399.950	0.000	0.000	0.000
796	3.97500	229.255	-438.623	399.954	0.000	0.000	0.000
797	3.98000	229.268	-438.630	399.958	0.000	0.000	0.000
798	3.98500	229.277	-438.624	399.945	0.000	0.000	0.000
799	3.99000	229.277	-438.612	399.945	0.000	0.000	0.000
800	3.99500	229.291	-438.618	399.949	0.000	0.000	0.000
801	4.00000	229.290	-438.626	399.949	0.000	0.000	0.000
802	4.00500	229.300	-438.619	399.937	0.000	0.000	0.000
803	4.01000	229.304	-438.624	399.953	0.000	0.000	0.000
804	4.01500	229.313	-438.619	399.941	0.000	0.000	0.000
805	4.02000	229.313	-438.619	399.941	0.000	0.000	0.000
806	4.02500	229.327	-438.619	399.945	0.000	0.000	0.000
807	4.03000	229.328	-438.612	399.945	0.000	0.000	0.000
808	4.03500	229.328	-438.605	399.945	0.000	0.000	0.000
809	4.04000	229.345	-438.596	399.919	0.000	0.000	0.000
810	4.04500	229.353	-438.599	399.906	0.000	0.000	0.000
811	4.05000	229.357	-438.596	399.877	0.000	0.000	0.000
812	4.05500	229.368	-438.579	399.910	0.000	0.000	0.000
813	4.06000	229.377	-438.574	399.897	0.000	0.000	0.000
814	4.06500	229.391	-438.561	399.901	0.000	0.000	0.000
815	4.07000	229.397	-438.537	399.917	0.000	0.000	0.000
816	4.07500	229.411	-438.531	399.921	0.000	0.000	0.000
817	4.08000	229.417	-438.515	399.937	0.000	0.000	0.000
818	4.08500	229.426	-438.497	399.924	0.000	0.000	0.000
819	4.09000	229.443	-438.483	399.974	0.000	0.000	0.000
820	4.09500	229.443	-438.464	399.973	0.000	0.000	0.000
821	4.10000	229.435	-438.450	399.986	0.000	0.000	0.000
822	4.10500	229.455	-438.440	400.006	0.000	0.000	0.000
823	4.11000	229.455	-438.439	400.006	0.000	0.000	0.000
824	4.11500	229.464	-438.440	399.994	0.000	0.000	0.000
825	4.12000	229.486	-438.443	399.985	0.000	0.000	0.000
826	4.12500	229.486	-438.448	399.986	0.000	0.000	0.000
827	4.13000	229.495	-438.451	399.973	0.000	0.000	0.000
828	4.13500	229.495	-438.451	399.973	0.000	0.000	0.000
829	4.14000	229.508	-438.451	399.977	0.000	0.000	0.000
830	4.14500	229.517	-438.440	399.964	0.000	0.000	0.000
831	4.15000	229.530	-438.447	399.968	0.000	0.000	0.000
832	4.15500	229.521	-438.439	399.980	0.000	0.000	0.000
833	4.16000	229.535	-438.445	399.985	0.000	0.000	0.000
834	4.16500	229.548	-438.465	399.990	0.000	0.000	0.000
835	4.17000	229.565	-438.470	399.964	0.000	0.000	0.000
836	4.17500	229.567	-438.482	399.935	0.000	0.000	0.000
837	4.18000	229.571	-438.493	399.952	0.000	0.000	0.000
838	4.18500	229.566	-438.508	399.936	0.000	0.000	0.000
839	4.19000	229.574	-438.510	399.923	0.000	0.000	0.000
840	4.19500	229.588	-438.523	399.928	0.000	0.000	0.000
841	4.20000	229.591	-438.540	399.899	0.000	0.000	0.000
842	4.20500	229.605	-438.546	399.903	0.000	0.000	0.000
843	4.21000	229.610	-438.550	399.920	0.000	0.000	0.000
844	4.21500	229.618	-438.552	399.907	0.000	0.000	0.000
845	4.22000	229.617	-438.572	399.908	0.000	0.000	0.000
846	4.22500	229.620	-438.584	399.879	0.000	0.000	0.000
847	4.23000	229.625	-438.588	399.896	0.000	0.000	0.000
848	4.23500	229.641	-438.593	399.870	0.000	0.000	0.000
849	4.24000	229.641	-438.593	399.871	0.000	0.000	0.000
850	4.24500	229.647	-438.591	399.887	0.000	0.000	0.000
851	4.25000	229.665	-438.589	399.907	0.000	0.000	0.000
852	4.25500	229.668	-438.600	399.879	0.000	0.000	0.000
853	4.26000	229.696	-438.599	399.887	0.000	0.000	0.000
854	4.26500	229.696	-438.600	399.887	0.000	0.000	0.000
855	4.27000	229.704	-438.601	399.874	0.000	0.000	0.000
856	4.27500	229.718	-438.595	399.878	0.000	0.000	0.000
857	4.28000	229.723	-438.600	399.895	0.000	0.000	0.000
858	4.28500	229.732	-438.601	399.882	0.000	0.000	0.000
859	4.29000	229.736	-438.607	399.899	0.000	0.000	0.000
860	4.29500	229.751	-438.600	399.903	0.000	0.000	0.000
861	4.30000	229.751	-438.599	399.903	0.000	0.000	0.000
862	4.30500	229.765	-438.585	399.907	0.000	0.000	0.000
863	4.31000	229.771	-438.583	399.924	0.000	0.000	0.000
864	4.31500	229.777	-438.567	399.940	0.000	0.000	0.000
865	4.32000	229.794	-438.564	399.915	0.000	0.000	0.000
866	4.32500	229.800	-438.555	399.931	0.000	0.000	0.000
867	4.33000	229.814	-438.542	399.935	0.000	0.000	0.000
868	4.33500	229.827	-438.542	399.939	0.000	0.000	0.000
869	4.34000	229.836	-438.531	399.926	0.000	0.000	0.000
870	4.34500	229.841	-438.529	399.943	0.000	0.000	0.000
871	4.35000	229.856	-438.509	399.946	0.000	0.000	0.000
872	4.35500	229.856	-438.503	399.946	0.000	0.000	0.000
873	4.36000	229.876	-438.487	399.966	0.000	0.000	0.000
874	4.36500	229.872	-438.483	399.995	0.000	0.000	0.000
875	4.37000	229.901	-438.463	400.003	0.000	0.000	0.000
876	4.37500	229.915	-438.454	400.007	0.000	0.000	0.000
877	4.38000	229.915	-438.456	400.007	0.000	0.000	0.000
878	4.38500	229.921	-438.453	400.024	0.000	0.000	0.000
879	4.39000	229.937	-438.451	399.998	0.000	0.000	0.000
880	4.39500	229.938	-438.450	399.999	0.000	0.000	0.000
881	4.40000	229.951	-438.457	400.003	0.000	0.000	0.000
882	4.40500	229.957	-438.460	400.020	0.000	0.000	0.000
883	4.41000	229.970	-438.467	400.024	0.000	0.000	0.000
884	4.41500	229.979	-438.463	400.011	0.000	0.000	0.000
885	4.42000	229.992	-438.457	400.015	0.000	0.000	0.000
886	4.42500	230.001	-438.472	400.003	0.000	0.000	0.000
887	4.43000	230.006	-438.462	400.019	0.000	0.000	0.000
888	4.43500	230.028	-438.459	400.011	0.000	0.000	0.000
889	4.44000	230.019	-438.463	400.023	0.000	0.000	0.000
890	4.44500	230.036	-438.474	399.998	0.000	0.000	0.000
891	4.45000	230.040	-438.479	400.015	0.000	0.000	0.000
892	4.45500	230.048	-438.483	400.002	0.000	0.000	0.000
893	4.46000	230.062	-438.494	400.007	0.000	0.000	0.000
894	4.46500	230.064	-438.513	399.978	0.000	0.000	0.000
895	4.47000	230.073	-438.527	399.966	0.000	0.000	0.000
896	4.47500	230.080	-438.543	399.953	0.000	0.000	0.000
897	4.48000	230.077	-438.551	399.983	0.000	0.000	0.000
898	4.48500	230.094	-438.555	399.958	0.000	0.000	0.000
899	4.49000	230.090	-438.577	399.912	0.000	0.000	0.000
900	4.49500	230.094	-438.562	399.958	0.000	0.000	0.000
901	4.50000	230.113	-438.559	399.979	0.000	0.000	0.000
902	4.50500	230.113	-438.560	399.979	0.000	0.000	0.000
903	4.51000	230.134	-438.569	399.971	0.000	0.000	0.000
904	4.51500	230.131	-438.588	399.925	0.000	0.000	0.000
905	4.52000	230.145	-438.589	399.929	0.000	0.000	0.000
906	4.52500	230.153	-438.592	399.916	0.000	0.000	0.000
907	4.53000	230.166	-438.605	399.921	0.000	0.000	0.000
908	4.53500	230.171	-438.597	399.937	0.000	0.000	0.000
909	4.54000	230.188	-438.594	399.912	0.000	0.000	0.000
910	4.54500	230.194	-438.592	399.928	0.000	0.000	0.000
911	4.55000	230.211	-438.596	399.903	0.000	0.000	0.000
912	4.55500	230.216	-438.600	399.920	0.000	0.000	0.000
913	4.56000	230.211	-438.595	399.904	0.000	0.000	0.000
914	4.56500	230.225	-438.595	399.908	0.000	0.000	0.000
915	4.57000	230.250	-438.576	399.945	0.000	0.000	0.000
916	4.57500	230.255	-438.587	399.962	0.000	0.000	0.000
917	4.58000	230.256	-438.574	399.961	0.000	0.000	0.000
918	4.58500	230.256	-438.574	399.961	0.000	0.000	0.000
919	4.59000	230.283	-438.567	399.969	0.000	0.000	0.000
920	4.59500	230.283	-438.562	399.969	0.000	0.000	0.000
921	4.60000	230.297	-438.554	399.973	0.000	0.000	0.000
922	4.60500	230.312	-438.547	399.977	0.000	0.000	0.000
923	4.61000	230.326	-438.540	399.981	0.000	0.000	0.000
924	4.61500	230.340	-438.519	399.984	0.000	0.000	0.000
925	4.62000	230.355	-438.519	399.989	0.000	0.000	0.000
926	4.62500	230.360	-438.511	400.005	0.000	0.000	0.000
927	4.63000	230.368	-438.499	399.992	0.000	0.000	0.000
928	4.63500	230.382	-438.500	399.996	0.000	0.000	0.000
929	4.64000	230.388	-438.478	400.012	0.000	0.000	0.000
930	4.64500	230.399	-438.485	399.971	0.000	0.000	0.000
931	4.65000	230.405	-438.482	399.987	0.000	0.000	0.000
932	4.65500	230.411	-438.473	400.004	0.000	0.000	0.000
933	4.66000	230.424	-438.480	400.008	0.000	0.000	0.000
934	4.66500	230.427	-438.477	399.978	0.000	0.000	0.000
935	4.67000	230.438	-438.473	400.012	0.000	0.000	0.000
936	4.67500	230.447	-438.473	399.999	0.000	0.000	0.000
937	4.68000	230.456	-438.475	399.987	0.000	0.000	0.000
938	4.68500	230.456	-438.475	399.987	0.000	0.000	0.000
939	4.69000	230.469	-438.474	399.991	0.000	0.000	0.000
940	4.69500	230.483	-438.475	399.995	0.000	0.000	0.000
941	4.70000	230.491	-438.477	399.982	0.000	0.000	0.000
942	4.70500	230.496	-438.469	399.999	0.000	0.000	0.000
943	4.71000	230.504	-438.485	399.986	0.000	0.000	0.000
944	4.71500	230.521	-438.490	399.961	0.000	0.000	0.000
945	4.72000	230.526	-438.487	399.978	0.000	0.000	0.000
946	4.72500	230.534	-438.502	399.966	0.000	0.000	0.000
947	4.73000	230.539	-438.500	399.982	0.000	0.000	0.000
948	4.73500	230.556	-438.505	399.957	0.000	0.000	0.000
949	4.74000	230.564	-438.519	399.945	0.000	0.000	0.000
950	4.74500	230.570	-438.516	399.962	0.000	0.000	0.000
951	4.75000	230.583	-438.517	399.966	0.000	0.000	0.000
952	4.75500	230.600	-438.528	399.941	0.000	0.000	0.000
953	4.76000	230.600	-438.534	399.941	0.000	0.000	0.000
954	4.76500	230.608	-438.543	399.929	0.000	0.000	0.000
955	4.77000	230.613	-438.547	399.946	0.000	0.000	0.000
956	4.77500	230.616	-438.565	399.917	0.000	0.000	0.000
957	4.78000	230.621	-438.563	399.933	0.000	0.000	0.000
958	4.78500	230.634	-438.576	399.937	0.000	0.000	0.000
959	4.79000	230.643	-438.572	399.925	0.000	0.000	0.000
960	4.79500	230.648	-438.569	399.941	0.000	0.000	0.000
961	4.80000	230.665	-438.574	399.916	0.000	0.000	0.000
962	4.80500	230.670	-438.566	399.933	0.000	0.000	0.000
963	4.81000	230.679	-438.567	399.920	0.000	0.000	0.000
964	4.81500	230.701	-438.569	399.912	0.000	0.000	0.000
965	4.82000	230.701	-438.563	399.912	0.000	0.000	0.000
966	4.82500	230.709	-438.565	399.899	0.000	0.000	0.000
967	4.83000	230.734	-438.553	399.936	0.000	0.000	0.000
968	4.83500	230.734	-438.553	399.936	0.000	0.000	0.000
969	4.84000	230.749	-438.540	399.940	0.000	0.000	0.000
970	4.84500	230.756	-438.555	399.928	0.000	0.000	0.000
971	4.85000	230.767	-438.544	399.961	0.000	0.000	0.000
972	4.85500	230.770	-438.562	399.932	0.000	0.000	0.000
973	4.86000	230.781	-438.544	399.965	0.000	0.000	0.000
974	4.86500	230.787	-438.536	399.982	0.000	0.000	0.000
975	4.87000	230.809	-438.536	399.973	0.000	0.000	0.000
976	4.87500	230.815	-438.521	399.990	0.000	0.000	0.000
977	4.88000	230.824	-438.516	399.977	0.000	0.000	0.000
978	4.88500	230.846	-438.519	399.969	0.000	0.000	0.000
979	4.89000	230.846	-438.511	399.968	0.000	0.000	0.000
980	4.89500	230.859	-438.506	399.972	0.000	0.000	0.000
981	4.90000	230.868	-438.501	399.959	0.000	0.000	0.000
982	4.90500	230.865	-438.497	399.988	0.000	0.000	0.000
983	4.91000	230.878	-438.491	399.992	0.000	0.000	0.000
984	4.91500	230.901	-438.487	399.983	0.000	0.000	0.000
985	4.92000	230.901	-438.486	399.983	0.000	0.000	0.000
986	4.92500	230.923	-438.494	399.975	0.000	0.000	0.000
987	4.93000	230.915	-438.493	399.988	0.000	0.000	0.000
988	4.93500	230.937	-438.500	399.980	0.000	0.000	0.000
989	4.94000	230.943	-438.485	399.996	0.000	0.000	0.000
990	4.94500	230.951	-438.500	399.984	0.000	0.000	0.000
991	4.95000	230.965	-438.500	399.988	0.000	0.000	0.000
992	4.95500	230.978	-438.500	399.992	0.000	0.000	0.000
993	4.96000	230.983	-438.505	400.009	0.000	0.000	0.000
994	4.96500	230.997	-438.505	400.013	0.000	0.000	0.000
995	4.97000	231.010	-438.512	400.017	0.000	0.000	0.000
996	4.97500	231.013	-438.523	399.988	0.000	0.000	0.000
997	4.98000	231.026	-438.523	399.992	0.000	0.000	0.000
998	4.98500	231.035	-438.538	399.980	0.000	0.000	0.000
999	4.99000	231.040	-438.523	399.996	0.000	0.000	0.000
1000	4.99500	231.054	-438.529	400.001	0.000	0.000	0.000
1001	5.00000	231.076	-438.525	399.992	0.000	0.000	0.000
1002	5.00500	231.076	-438.524	399.992	0.000	0.000	0.000
1003	5.01000	231.081	-438.535	400.009	0.000	0.000	0.000
1004	5.01500	231.089	-438.545	399.996	0.000	0.000	0.000
1005	5.02000	231.111	-438.539	399.988	0.000	0.000	0.000
1006	5.02500	231.120	-438.554	399.976	0.000	0.000	0.000
1007	5.03000	231.124	-438.553	399.992	0.000	0.000	0.000
1008	5.03500	231.130	-438.544	400.009	0.000	0.000	0.000
1009	5.04000	231.144	-438.550	400.013	0.000	0.000	0.000
1010	5.04500	231.152	-438.559	400.000	0.000	0.000	0.000
1011	5.05000	231.166	-438.546	400.004	0.000	0.000	0.000
1012	5.05500	231.179	-438.546	400.008	0.000	0.000	0.000
1013	5.06000	231.182	-438.557	399.979	0.000	0.000	0.000
1014	5.06500	231.193	-438.551	400.013	0.000	0.000	0.000
1015	5.07000	231.193	-438.551	400.013	0.000	0.000	0.000
1016	5.07500	231.202	-438.548	400.000	0.000	0.000	0.000
1017	5.08000	231.215	-438.560	400.004	0.000	0.000	0.000
1018	5.08500	231.223	-438.557	399.991	0.000	0.000	0.000
1019	5.09000	231.237	-438.569	399.996	0.000	0.000	0.000
1020	5.09500	231.245	-438.566	399.983	0.000	0.000	0.000
1021	5.10000	231.264	-438.563	400.004	0.000	0.000	0.000
1022	5.10500	231.270	-438.572	399.945	0.000	0.000	0.000
1023	5.11000	231.278	-438.549	400.007	0.000	0.000	0.000
1024	5.11500	231.292	-438.548	400.011	0.000	0.000	0.000
1025	5.12000	231.301	-438.544	399.999	0.000	0.000	0.000
1026	5.12500	231.310	-438.547	399.986	0.000	0.000	0.000
1027	5.13000	231.315	-438.544	400.003	0.000	0.000	0.000
1028	5.13500	231.329	-438.537	400.007	0.000	0.000	0.000
1029	5.14000	231.337	-438.546	399.995	0.000	0.000	0.000
1030	5.14500	231.351	-438.539	399.998	0.000	0.000	0.000
1031	5.15000	231.356	-438.537	400.015	0.000	0.000	0.000
1032	5.15500	231.371	-438.530	400.019	0.000	0.000	0.000
1033	5.16000	231.379	-438.532	400.007	0.000	0.000	0.000
1034	5.16500	231.379	-438.518	400.006	0.000	0.000	0.000
1035	5.17000	231.402	-438.506	399.997	0.000	0.000	0.000
1036	5.17500	231.402	-438.501	399.997	0.000	0.000	0.000
1037	5.18000	231.416	-438.501	400.001	0.000	0.000	0.000
1038	5.18500	231.425	-438.489	399.988	0.000	0.000	0.000
1039	5.19000	231.439	-438.489	399.993	0.000	0.000	0.000
1040	5.19500	231.447	-438.485	399.980	0.000	0.000	0.000
1041	5.20000	231.466	-438.483	400.000	0.000	0.000	0.000
1042	5.20500	231.474	-438.478	399.987	0.000	0.000	0.000
1043	5.21000	231.487	-438.486	399.992	0.000	0.000	0.000
1044	5.21500	231.501	-438.492	399.996	0.000	0.000	0.000
1045	5.22000	231.496	-438.494	399.979	0.000	0.000	0.000
1046	5.22500	231.501	-438.504	399.996	0.000	0.000	0.000
1047	5.23000	231.515	-438.497	400.000	0.000	0.000	0.000
1048	5.23500	231.523	-438.512	399.988	0.000	0.000	0.000
1049	5.24000	231.546	-438.514	399.980	0.000	0.000	0.000
1050	5.24500	231.551	-438.512	399.997	0.000	0.000	0.000
1051	5.25000	231.565	-438.505	400.001	0.000	0.000	0.000
1052	5.25500	231.576	-438.531	399.959	0.000	0.000	0.000
1053	5.26000	231.589	-438.532	399.963	0.000	0.000	0.000
1054	5.26500	231.589	-438.525	399.963	0.000	0.000	0.000
1055	5.27000	231.603	-438.531	399.968	0.000	0.000	0.000
1056	5.27500	231.616	-438.532	399.971	0.000	0.000	0.000
1057	5.28000	231.630	-438.525	399.975	0.000	0.000	0.000
1058	5.28500	231.639	-438.527	399.963	0.000	0.000	0.000
1059	5.29000	231.661	-438.529	399.954	0.000	0.000	0.000
1060	5.29500	231.675	-438.529	399.958	0.000	0.000	0.000
1061	5.30000	231.667	-438.520	399.971	0.000	0.000	0.000
1062	5.30500	231.688	-438.529	399.962	0.000	0.000	0.000
1063	5.31000	231.702	-438.528	399.967	0.000	0.000	0.000
1064	5.31500	231.702	-438.529	399.967	0.000	0.000	0.000
1065	5.32000	231.707	-438.526	399.983	0.000	0.000	0.000
1066	5.32500	231.730	-438.534	399.975	0.000	0.000	0.000
1067	5.33000	231.738	-438.543	399.963	0.000	0.000	0.000
1068	5.33500	231.765	-438.543	399.971	0.000	0.000	0.000
1069	5.34000	231.765	-438.543	399.971	0.000	0.000	0.000
1070	5.34500	231.779	-438.549	399.975	0.000	0.000	0.000
1071	5.35000	231.784	-438.548	399.992	0.000	0.000	0.000
1072	5.35500	231.798	-438.541	399.996	0.000	0.000	0.000
1073	5.36000	231.819	-438.550	399.987	0.000	0.000	0.000
1074	5.36500	231.834	-438.543	399.991	0.000	0.000	0.000
1075	5.37000	231.841	-438.552	399.979	0.000	0.000	0.000
1076	5.37500	231.864	-438.547	399.970	0.000	0.000	0.000
1077	5.38000	231.877	-438.554	399.974	0.000	0.000	0.000
1078	5.38500	231.883	-438.552	399.991	0.000	0.000	0.000
1079	5.39000	231.890	-438.555	399.978	0.000	0.000	0.000
1080	5.39500	231.918	-438.554	399.987	0.000	0.000	0.000
1081	5.40000	231.919	-438.546	399.987	0.000	0.000	0.000
1082	5.40500	231.933	-438.547	399.991	0.000	0.000	0.000
1083	5.41000	231.941	-438.542	399.978	0.000	0.000	0.000
1084	5.41500	231.948	-438.526	399.995	0.000	0.000	0.000
1085	5.42000	231.975	-438.532	400.003	0.000	0.000	0.000
1086	5.42500	231.976	-438.519	400.003	0.000	0.000	0.000
1087	5.43000	231.989	-438.526	400.007	0.000	0.000	0.000
1088	5.43500	232.017	-438.519	400.015	0.000	0.000	0.000
1089	5.44000	232.030	-438.518	400.019	0.000	0.000	0.000
1090	5.44500	232.030	-438.518	400.019	0.000	0.000	0.000
1091	5.45000	232.053	-438.507	400.010	0.000	0.000	0.000
1092	5.45500	232.066	-438.507	400.014	0.000	0.000	0.000
1093	5.46000	232.080	-438.501	400.018	0.000	0.000	0.000
1094	5.46500	232.086	-438.492	400.034	0.000	0.000	0.000
1095	5.47000	232.107	-438.501	400.026	0.000	0.000	0.000
1096	5.47500	232.121	-438.489	400.030	0.000	0.000	0.000
1097	5.48000	232.135	-438.488	400.034	0.000	0.000	0.000
1098	5.48500	232.152	-438.493	400.009	0.000	0.000	0.000
1099	5.49000	232.171	-438.490	400.029	0.000	0.000	0.000
1100	5.49500	232.179	-438.492	400.017	0.000	0.000	0.000
1101	5.50000	232.185	-438.476	400.033	0.000	0.000	0.000
1102	5.50500	232.203	-438.487	400.054	0.000	0.000	0.000
1103	5.51000	232.215	-438.500	400.013	0.000	0.000	0.000
1104	5.51500	232.234	-438.497	400.034	0.000	0.000	0.000
1105	5.52000	232.248	-438.510	400.038	0.000	0.000	0.000
1106	5.52500	232.262	-438.503	400.042	0.000	0.000	0.000
1107	5.53000	232.270	-438.512	400.030	0.000	0.000	0.000
1108	5.53500	232.293	-438.513	400.022	0.000	0.000	0.000
1109	5.54000	232.306	-438.514	400.025	0.000	0.000	0.000
1110	5.54500	232.319	-438.514	400.030	0.000	0.000	0.000
1111	5.55000	232.341	-438.516	400.021	0.000	0.000	0.000
1112	5.55500	232.350	-438.518	400.009	0.000	0.000	0.000
1113	5.56000	232.363	-438.525	400.013	0.000	0.000	0.000
1114	5.56500	232.385	-438.521	400.004	0.000	0.000	0.000
1115	5.57000	232.398	-438.515	400.008	0.000	0.000	0.000
1116	5.57500	232.420	-438.530	400.000	0.000	0.000	0.000
1117	5.58000	232.431	-438.526	400.033	0.000	0.000	0.000
1118	5.58500	232.448	-438.529	400.008	0.000	0.000	0.000
1119	5.59000	232.462	-438.536	400.012	0.000	0.000	0.000
1120	5.59500	232.483	-438.550	400.004	0.000	0.000	0.000
1121	5.60000	232.492	-438.552	399.992	0.000	0.000	0.000
1122	5.60500	232.507	-438.538	399.996	0.000	0.000	0.000
1123	5.61000	232.519	-438.552	400.000	0.000	0.000	0.000
1124	5.61500	232.542	-438.547	399.991	0.000	0.000	0.000
1125	5.62000	232.555	-438.554	399.996	0.000	0.000	0.000
1126	5.62500	232.569	-438.547	400.000	0.000	0.000	0.000
1127	5.63000	232.591	-438.556	399.991	0.000	0.000	0.000
1128	5.63500	232.605	-438.555	399.995	0.000	0.000	0.000
1129	5.64000	232.627	-438.558	399.987	0.000	0.000	0.000
1130	5.64500	232.640	-438.558	399.991	0.000	0.000	0.000
1131	5.65000	232.663	-438.560	399.983	0.000	0.000	0.000
1132	5.65500	232.671	-438.549	399.970	0.000	0.000	0.000
1133	5.66000	232.699	-438.555	399.978	0.000	0.000	0.000
1134	5.66500	232.707	-438.564	399.966	0.000	0.000	0.000
1135	5.67000	232.727	-438.548	399.986	0.000	0.000	0.000
1136	5.67500	232.748	-438.557	399.978	0.000	0.000	0.000
1137	5.68000	232.757	-438.559	399.965	0.000	0.000	0.000
1138	5.68500	232.776	-438.556	399.986	0.000	0.000	0.000
1139	5.69000	232.798	-438.551	399.977	0.000	0.000	0.000
1140	5.69500	232.806	-438.560	399.965	0.000	0.000	0.000
1141	5.70000	232.821	-438.553	399.969	0.000	0.000	0.000
1142	5.70500	232.839	-438.558	399.990	0.000	0.000	0.000
1143	5.71000	232.862	-438.559	399.982	0.000	0.000	0.000
1144	5.71500	232.881	-438.551	400.002	0.000	0.000	0.000
1145	5.72000	232.895	-438.537	400.006	0.000	0.000	0.000
1146	5.72500	232.917	-438.538	399.998	0.000	0.000	0.000
1147	5.73000	232.932	-438.532	400.002	0.000	0.000	0.000
1148	5.73500	232.959	-438.525	400.010	0.000	0.000	0.000
1149	5.74000	232.973	-438.525	400.014	0.000	0.000	0.000
1150	5.74500	232.995	-438.519	400.005	0.000	0.000	0.000
1151	5.75000	233.014	-438.512	400.025	0.000	0.000	0.000
1152	5.75500	233.036	-438.508	400.017	0.000	0.000	0.000
1153	5.76000	233.055	-438.506	400.038	0.000	0.000	0.000
1154	5.76500	233.078	-438.495	400.029	0.000	0.000	0.000
1155	5.77000	233.092	-438.494	400.033	0.000	0.000	0.000
1156	5.77500	233.114	-438.495	400.025	0.000	0.000	0.000
1157	5.78000	233.128	-438.495	400.029	0.000	0.000	0.000
1158	5.78500	233.155	-438.500	400.037	0.000	0.000	0.000
1159	5.79000	233.169	-438.501	400.042	0.000	0.000	0.000
1160	5.79500	233.192	-438.508	400.034	0.000	0.000	0.000
1161	5.80000	233.211	-438.506	400.054	0.000	0.000	0.000
1162	5.80500	233.232	-438.515	400.046	0.000	0.000	0.000
1163	5.81000	233.246	-438.515	400.050	0.000	0.000	0.000
1164	5.81500	233.253	-438.532	400.038	0.000	0.000	0.000
1165	5.82000	233.289	-438.528	400.033	0.000	0.000	0.000
1166	5.82500	233.306	-438.532	400.008	0.000	0.000	0.000
1167	5.83000	233.324	-438.537	400.029	0.000	0.000	0.000
1168	5.83500	233.355	-438.534	400.008	0.000	0.000	0.000
1169	5.84000	233.368	-438.541	400.012	0.000	0.000	0.000
1170	5.84500	233.391	-438.548	400.004	0.000	0.000	0.000
1171	5.85000	233.410	-438.546	400.025	0.000	0.000	0.000
1172	5.85500	233.431	-438.549	400.016	0.000	0.000	0.000
1173	5.86000	233.451	-438.539	400.037	0.000	0.000	0.000
1174	5.86500	233.476	-438.552	399.999	0.000	0.000	0.000
1175	5.87000	233.495	-438.549	400.020	0.000	0.000	0.000
1176	5.87500	233.509	-438.549	400.024	0.000	0.000	0.000
1177	5.88000	233.514	-438.554	400.041	0.000	0.000	0.000
1178	5.88500	233.545	-438.551	400.020	0.000	0.000	0.000
1179	5.89000	233.559	-438.550	400.024	0.000	0.000	0.000
1180	5.89500	233.581	-438.546	400.015	0.000	0.000	0.000
1181	5.90000	233.603	-438.548	400.007	0.000	0.000	0.000
1182	5.90500	233.622	-438.546	400.028	0.000	0.000	0.000
1183	5.91000	233.639	-438.543	400.003	0.000	0.000	0.000
1184	5.91500	233.667	-438.543	400.011	0.000	0.000	0.000
1185	5.92000	233.683	-438.541	399.985	0.000	0.000	0.000
1186	5.92500	233.711	-438.541	399.994	0.000	0.000	0.000
1187	5.93000	233.730	-438.531	400.014	0.000	0.000	0.000
1188	5.93500	233.761	-438.536	399.993	0.000	0.000	0.000
1189	5.94000	233.783	-438.538	399.985	0.000	0.000	0.000
1190	5.94500	233.797	-438.538	399.989	0.000	0.000	0.000
1191	5.95000	233.824	-438.543	399.998	0.000	0.000	0.000
1192	5.95500	233.847	-438.538	399.989	0.000	0.000	0.000
1193	5.96000	233.866	-438.530	400.009	0.000	0.000	0.000
1194	5.96500	233.888	-438.532	400.001	0.000	0.000	0.000
1195	5.97000	233.910	-438.540	399.993	0.000	0.000	0.000
1196	5.97500	233.937	-438.540	400.001	0.000	0.000	0.000
1197	5.98000	233.951	-438.540	400.006	0.000	0.000	0.000
1198	5.98500	233.984	-438.530	400.030	0.000	0.000	0.000
1199	5.99000	234.001	-438.542	400.005	0.000	0.000	0.000
1200	5.99500	234.029	-438.534	400.013	0.000	0.000	0.000
1201	6.00000	234.047	-438.527	400.034	0.000	0.000	0.000
1202	6.00500	234.075	-438.532	400.043	0.000	0.000	0.000
1203	6.01000	234.098	-438.528	400.034	0.000	0.000	0.000
1204	6.01500	234.116	-438.519	400.054	0.000	0.000	0.000
1205	6.02000	234.144	-438.519	400.063	0.000	0.000	0.000
1206	6.02500	234.166	-438.514	400.054	0.000	0.000	0.000
1207	6.03000	234.197	-438.511	400.033	0.000	0.000	0.000
1208	6.03500	234.215	-438.510	400.054	0.000	0.000	0.000
1209	6.04000	234.243	-438.502	400.062	0.000	0.000	0.000
1210	6.04500	234.273	-438.513	400.041	0.000	0.000	0.000
1211	6.05000	234.292	-438.512	400.062	0.000	0.000	0.000
1212	6.05500	234.314	-438.514	400.053	0.000	0.000	0.000
1213	6.06000	234.333	-438.511	400.074	0.000	0.000	0.000
1214	6.06500	234.356	-438.506	400.066	0.000	0.000	0.000
1215	6.07000	234.386	-438.523	400.045	0.000	0.000	0.000
1216	6.07500	234.414	-438.523	400.053	0.000	0.000	0.000
1217	6.08000	234.436	-438.525	400.045	0.000	0.000	0.000
1218	6.08500	234.463	-438.525	400.053	0.000	0.000	0.000
1219	6.09000	234.485	-438.534	400.045	0.000	0.000	0.000
1220	6.09500	234.504	-438.544	400.066	0.000	0.000	0.000
1221	6.10000	234.531	-438.544	400.074	0.000	0.000	0.000
1222	6.10500	234.561	-438.549	400.053	0.000	0.000	0.000
1223	6.11000	234.574	-438.562	400.058	0.000	0.000	0.000
1224	6.11500	234.605	-438.566	400.037	0.000	0.000	0.000
1225	6.12000	234.632	-438.561	400.045	0.000	0.000	0.000
1226	6.12500	234.654	-438.568	400.037	0.000	0.000	0.000
1227	6.13000	234.682	-438.560	400.045	0.000	0.000	0.000
1228	6.13500	234.713	-438.565	400.024	0.000	0.000	0.000
1229	6.14000	234.735	-438.574	400.016	0.000	0.000	0.000
1230	6.14500	234.771	-438.574	400.012	0.000	0.000	0.000
1231	6.15000	234.791	-438.565	400.032	0.000	0.000	0.000
1232	6.15500	234.821	-438.569	400.011	0.000	0.000	0.000
1233	6.16000	234.840	-438.567	400.032	0.000	0.000	0.000
1234	6.16500	234.862	-438.569	400.024	0.000	0.000	0.000
1235	6.17000	234.895	-438.559	400.049	0.000	0.000	0.000
1236	6.17500	234.926	-438.563	400.028	0.000	0.000	0.000
1237	6.18000	234.953	-438.563	400.036	0.000	0.000	0.000
1238	6.18500	234.967	-438.556	400.040	0.000	0.000	0.000
1239	6.19000	235.003	-438.552	400.035	0.000	0.000	0.000
1240	6.19500	235.045	-438.545	400.048	0.000	0.000	0.000
1241	6.20000	235.072	-438.550	400.056	0.000	0.000	0.000
1242	6.20500	235.099	-438.544	400.064	0.000	0.000	0.000
1243	6.21000	235.127	-438.531	400.072	0.000	0.000	0.000
1244	6.21500	235.158	-438.536	400.051	0.000	0.000	0.000
1245	6.22000	235.180	-438.531	400.043	0.000	0.000	0.000
1246	6.22500	235.226	-438.535	400.072	0.000	0.000	0.000
1247	6.23000	235.240	-438.529	400.076	0.000	0.000	0.000
1248	6.23500	235.272	-438.532	400.101	0.000	0.000	0.000
1249	6.24000	235.289	-438.537	400.076	0.000	0.000	0.000
1250	6.24500	235.320	-438.534	400.055	0.000	0.000	0.000
1251	6.25000	235.353	-438.531	400.080	0.000	0.000	0.000
1252	6.25500	235.387	-438.546	400.030	0.000	0.000	0.000
1253	6.26000	235.411	-438.548	400.068	0.000	0.000	0.000
1254	6.26500	235.439	-438.528	400.075	0.000	0.000	0.000
1255	6.27000	235.475	-438.536	400.072	0.000	0.000	0.000
1256	6.27500	235.505	-438.540	400.051	0.000	0.000	0.000
1257	6.28000	235.533	-438.539	400.059	0.000	0.000	0.000
1258	6.28500	235.564	-438.531	400.038	0.000	0.000	0.000
1259	6.29000	235.591	-438.537	400.046	0.000	0.000	0.000
1260	6.29500	235.627	-438.538	400.042	0.000	0.000	0.000
1261	6.30000	235.649	-438.527	400.033	0.000	0.000	0.000
1262	6.30500	235.682	-438.525	400.058	0.000	0.000	0.000
1263	6.31000	235.713	-438.529	400.037	0.000	0.000	0.000
1264	6.31500	235.745	-438.514	400.062	0.000	0.000	0.000
1265	6.32000	235.776	-438.518	400.041	0.000	0.000	0.000
1266	6.32500	235.805	-438.428	400.031	0.000	0.000	0.000
1267	6.33000	235.846	-438.496	400.061	0.000	0.000	0.000
1268	6.33500	235.863	-438.493	400.036	0.000	0.000	0.000
1269	6.34000	235.905	-438.418	400.031	0.000	0.000	0.000
1270	6.34500	235.931	-438.438	400.040	0.000	0.000	0.000
1271	6.35000	235.968	-438.420	400.035	0.000	0.000	0.000
1272	6.35500	236.004	-438.421	400.031	0.000	0.000	0.000
1273	6.36000	236.036	-438.419	400.056	0.000	0.000	0.000
1274	6.36500	236.064	-438.500	400.082	0.000	0.000	0.000
1275	6.37000	236.095	-438.416	400.043	0.000	0.000	0.000
1276	6.37500	236.122	-438.483	400.069	0.000	0.000	0.000
1277	6.38000	236.163	-438.490	400.081	0.000	0.000	0.000
1278	6.38500	236.186	-438.410	400.055	0.000	0.000	0.000
1279	6.39000	236.221	-438.419	400.051	0.000	0.000	0.000
1280	6.39500	236.268	-438.490	400.098	0.000	0.000	0.000
1281	6.40000	236.298	-438.414	400.059	0.000	0.000	0.000
1282	6.40500	236.325	-438.509	400.086	0.000	0.000	0.000
1283	6.41000	236.366	-438.516	400.098	0.000	0.000	0.000
1284	6.41500	236.396	-438.520	400.078	0.000	0.000	0.000
1285	6.42000	236.437	-438.527	400.090	0.000	0.000	0.000
1286	6.42500	236.459	-438.521	400.082	0.000	0.000	0.000
1287	6.43000	236.495	-438.530	400.077	0.000	0.000	0.000
1288	6.43500	236.526	-438.458	400.039	0.000	0.000	0.000
1289	6.44000	236.562	-438.460	400.035	0.000	0.000	0.000
1290	6.44500	236.595	-438.533	400.078	0.000	0.000	0.000
1291	6.45000	236.639	-438.530	400.061	0.000	0.000	0.000
1292	6.45500	236.671	-438.529	400.086	0.000	0.000	0.000
1293	6.46000	236.702	-438.463	400.048	0.000	0.000	0.000
1294	6.46500	236.738	-438.458	400.043	0.000	0.000	0.000
1295	6.47000	236.765	-438.534	400.069	0.000	0.000	0.000
1296	6.47500	236.804	-438.464	400.018	0.000	0.000	0.000
1297	6.48000	236.840	-438.460	400.014	0.000	0.000	0.000
1298	6.48500	236.868	-438.453	400.022	0.000	0.000	0.000
1299	6.49000	236.899	-438.450	400.001	0.000	0.000	0.000
1300	6.49500	236.940	-438.449	400.013	0.000	0.000	0.000
1301	6.50000	236.976	-438.451	400.009	0.000	0.000	0.000
1302	6.50500	237.013	-438.452	400.005	0.000	0.000	0.000
1303	6.51000	237.049	-438.447	400.001	0.000	0.000	0.000
1304	6.51500	237.076	-438.448	400.009	0.000	0.000	0.000
1305	6.52000	237.117	-438.441	400.022	0.000	0.000	0.000
1306	6.52500	237.153	-438.450	400.017	0.000	0.000	0.000
1307	6.53000	237.191	-438.451	400.060	0.000	0.000	0.000
1308	6.53500	237.235	-438.449	400.042	0.000	0.000	0.000
1309	6.54000	237.263	-438.447	400.051	0.000	0.000	0.000
1310	6.54500	237.298	-438.456	400.047	0.000	0.000	0.000
1311	6.55000	237.340	-438.449	400.059	0.000	0.000	0.000
1312	6.55500	237.384	-438.453	400.043	0.000	0.000	0.000
1313	6.56000	237.407	-438.449	400.034	0.000	0.000	0.000
1314	6.56500	237.439	-438.453	400.060	0.000	0.000	0.000
1315	6.57000	237.497	-438.457	400.047	0.000	0.000	0.000
1316	6.57500	237.516	-438.448	400.067	0.000	0.000	0.000
1317	6.58000	237.546	-438.453	400.047	0.000	0.000	0.000
1318	6.58500	237.591	-438.450	400.030	0.000	0.000	0.000
1319	6.59000	237.623	-438.455	400.055	0.000	0.000	0.000
1320	6.59500	237.663	-438.447	400.021	0.000	0.000	0.000
1321	6.60000	237.694	-438.450	400.000	0.000	0.000	0.000
1322	6.60500	237.727	-438.441	400.026	0.000	0.000	0.000
1323	6.61000	237.757	-438.440	400.004	0.000	0.000	0.000
1324	6.61500	237.794	-438.426	400.000	0.000	0.000	0.000
1325	6.62000	237.825	-438.431	399.979	0.000	0.000	0.000
1326	6.62500	237.861	-438.425	399.975	0.000	0.000	0.000
1327	6.63000	237.888	-438.426	399.983	0.000	0.000	0.000
1328	6.63500	237.928	-438.425	399.950	0.000	0.000	0.000
1329	6.64000	237.969	-438.417	399.962	0.000	0.000	0.000
1330	6.64500	237.997	-438.410	399.970	0.000	0.000	0.000
1331	6.65000	238.038	-438.410	399.983	0.000	0.000	0.000
1332	6.65500	238.083	-438.414	399.966	0.000	0.000	0.000
1333	6.66000	238.110	-438.414	399.975	0.000	0.000	0.000
1334	6.66500	238.151	-438.414	399.987	0.000	0.000	0.000
1335	6.67000	238.182	-438.418	399.966	0.000	0.000	0.000
1336	6.67500	238.231	-438.427	399.967	0.000	0.000	0.000
1337	6.68000	238.263	-438.430	399.992	0.000	0.000	0.000
1338	6.68500	238.299	-438.431	399.988	0.000	0.000	0.000
1339	6.69000	238.340	-438.433	400.000	0.000	0.000	0.000
1340	6.69500	238.376	-438.441	399.996	0.000	0.000	0.000
1341	6.70000	238.416	-438.441	400.009	0.000	0.000	0.000
1342	6.70500	238.461	-438.451	399.992	0.000	0.000	0.000
1343	6.71000	238.488	-438.458	400.001	0.000	0.000	0.000
1344	6.71500	238.537	-438.468	400.001	0.000	0.000	0.000
1345	6.72000	238.573	-438.475	399.997	0.000	0.000	0.000
1346	6.72500	238.609	-438.476	399.993	0.000	0.000	0.000
1347	6.73000	238.667	-438.496	400.027	0.000	0.000	0.000
1348	6.73500	238.694	-438.480	399.989	0.000	0.000	0.000
1349	6.74000	238.721	-438.480	399.997	0.000	0.000	0.000
1350	6.74500	238.767	-438.490	400.027	0.000	0.000	0.000
1351	6.75000	238.807	-438.489	399.994	0.000	0.000	0.000
1352	6.75500	238.838	-438.487	399.973	0.000	0.000	0.000
1353	6.76000	238.875	-438.489	400.015	0.000	0.000	0.000
1354	6.76500	238.915	-438.488	399.981	0.000	0.000	0.000
1355	6.77000	238.955	-438.495	399.994	0.000	0.000	0.000
1356	6.77500	238.981	-438.494	399.956	0.000	0.000	0.000
1357	6.78000	239.028	-438.491	399.985	0.000	0.000	0.000
1358	6.78500	239.064	-438.493	399.981	0.000	0.000	0.000
1359	6.79000	239.117	-438.494	399.998	0.000	0.000	0.000
1360	6.79500	239.145	-438.499	400.006	0.000	0.000	0.000
1361	6.80000	239.181	-438.488	400.002	0.000	0.000	0.000
1362	6.80500	239.209	-438.494	400.011	0.000	0.000	0.000
1363	6.81000	239.259	-438.489	400.011	0.000	0.000	0.000
1364	6.81500	239.289	-438.500	399.990	0.000	0.000	0.000
1365	6.82000	239.325	-438.508	399.986	0.000	0.000	0.000
1366	6.82500	239.358	-438.493	400.011	0.000	0.000	0.000
1367	6.83000	239.399	-438.493	400.024	0.000	0.000	0.000
1368	6.83500	239.443	-438.496	400.007	0.000	0.000	0.000
1369	6.84000	239.484	-438.496	400.020	0.000	0.000	0.000
1370	6.84500	239.520	-438.498	400.016	0.000	0.000	0.000
1371	6.85000	239.570	-438.487	400.015	0.000	0.000	0.000
1372	6.85500	239.597	-438.493	400.024	0.000	0.000	0.000
1373	6.86000	239.633	-438.489	400.020	0.000	0.000	0.000
1374	6.86500	239.669	-438.484	400.015	0.000	0.000	0.000
1375	6.87000	239.709	-438.490	399.982	0.000	0.000	0.000
1376	6.87500	239.736	-438.477	399.990	0.000	0.000	0.000
1377	6.88000	239.772	-438.472	399.986	0.000	0.000	0.000
1378	6.88500	239.801	-438.457	399.994	0.000	0.000	0.000
1379	6.89000	239.848	-438.447	400.023	0.000	0.000	0.000
1380	6.89500	239.898	-438.428	400.023	0.000	0.000	0.000
1381	6.90000	239.931	-438.412	400.048	0.000	0.000	0.000
1382	6.90500	239.978	-438.403	400.077	0.000	0.000	0.000
1383	6.91000	240.001	-438.398	400.069	0.000	0.000	0.000
1384	6.91500	240.041	-438.405	400.081	0.000	0.000	0.000
1385	6.92000	240.073	-438.394	400.060	0.000	0.000	0.000
1386	6.92500	240.117	-438.398	400.044	0.000	0.000	0.000
1387	6.93000	240.142	-438.386	400.081	0.000	0.000	0.000
1388	6.93500	240.186	-438.377	400.064	0.000	0.000	0.000
1389	6.94000	240.222	-438.387	400.060	0.000	0.000	0.000
1390	6.94500	240.263	-438.386	400.073	0.000	0.000	0.000
1391	6.95000	240.299	-438.382	400.069	0.000	0.000	0.000
1392	6.95500	240.335	-438.389	400.065	0.000	0.000	0.000
1393	6.96000	240.370	-438.398	400.061	0.000	0.000	0.000
1394	6.96500	240.412	-438.397	400.074	0.000	0.000	0.000
1395	6.97000	240.447	-438.407	400.070	0.000	0.000	0.000
1396	6.97500	240.496	-438.408	400.070	0.000	0.000	0.000
1397	6.98000	240.515	-438.407	400.091	0.000	0.000	0.000
1398	6.98500	240.557	-438.412	400.104	0.000	0.000	0.000
1399	6.99000	240.601	-438.416	400.087	0.000	0.000	0.000
1400	6.99500	240.636	-438.425	400.084	0.000	0.000	0.000
1401	7.00000	240.672	-438.426	400.079	0.000	0.000	0.000
1402	7.00500	240.713	-438.433	400.092	0.000	0.000	0.000
1403	7.01000	240.740	-438.439	400.101	0.000	0.000	0.000
1404	7.01500	240.790	-438.441	400.101	0.000	0.000	0.000
1405	7.02000	240.820	-438.445	400.080	0.000	0.000	0.000
1406	7.02500	240.854	-438.435	400.105	0.000	0.000	0.000
1407	7.03000	240.884	-438.446	400.085	0.000	0.000	0.000
1408	7.03500	240.920	-438.442	400.081	0.000	0.000	0.000
1409	7.04000	240.955	-438.451	400.077	0.000	0.000	0.000
1410	7.04500	240.991	-438.452	400.073	0.000	0.000	0.000
1411	7.05000	241.032	-438.452	400.085	0.000	0.000	0.000
1412	7.05500	241.068	-438.453	400.081	0.000	0.000	0.000
1413	7.06000	241.093	-438.474	400.044	0.000	0.000	0.000
1414	7.06500	241.120	-438.474	400.052	0.000	0.000	0.000
1415	7.07000	241.161	-438.473	400.065	0.000	0.000	0.000
1416	7.07500	241.194	-438.489	400.015	0.000	0.000	0.000
1417	7.08000	241.236	-438.482	400.028	0.000	0.000	0.000
1418	7.08500	241.278	-438.479	400.041	0.000	0.000	0.000
1419	7.09000	241.299	-438.489	400.032	0.000	0.000	0.000
1420	7.09500	241.335	-438.490	400.028	0.000	0.000	0.000
1421	7.10000	241.383	-438.474	400.058	0.000	0.000	0.000
1422	7.10500	241.410	-438.473	400.066	0.000	0.000	0.000
1423	7.11000	241.451	-438.473	400.079	0.000	0.000	0.000
1424	7.11500	241.487	-438.475	400.075	0.000	0.000	0.000
1425	7.12000	241.523	-438.478	400.071	0.000	0.000	0.000
1426	7.12500	241.564	-438.476	400.084	0.000	0.000	0.000
1427	7.13000	241.605	-438.470	400.096	0.000	0.000	0.000
1428	7.13500	241.646	-438.470	400.109	0.000	0.000	0.000
1429	7.14000	241.677	-438.467	400.088	0.000	0.000	0.000
1430	7.14500	241.729	-438.462	400.134	0.000	0.000	0.000
1431	7.15000	241.754	-438.462	400.096	0.000	0.000	0.000
1432	7.15500	241.800	-438.460	400.126	0.000	0.000	0.000
1433	7.16000	241.850	-438.454	400.126	0.000	0.000	0.000
1434	7.16500	241.872	-438.457	400.118	0.000	0.000	0.000
1435	7.17000	241.901	-438.442	400.126	0.000	0.000	0.000
1436	7.17500	241.945	-438.446	400.110	0.000	0.000	0.000
1437	7.18000	241.964	-438.436	400.130	0.000	0.000	0.000
1438	7.18500	242.014	-438.432	400.130	0.000	0.000	0.000
1439	7.19000	242.036	-438.427	400.122	0.000	0.000	0.000
1440	7.19500	242.072	-438.430	400.118	0.000	0.000	0.000
1441	7.20000	242.117	-438.426	400.101	0.000	0.000	0.000
1442	7.20500	242.145	-438.419	400.110	0.000	0.000	0.000
1443	7.21000	242.194	-438.420	400.110	0.000	0.000	0.000
1444	7.21500	242.222	-438.413	400.118	0.000	0.000	0.000
1445	7.22000	242.271	-438.408	400.118	0.000	0.000	0.000
1446	7.22500	242.299	-438.402	400.126	0.000	0.000	0.000
1447	7.23000	242.326	-438.402	400.135	0.000	0.000	0.000
1448	7.23500	242.371	-438.405	400.119	0.000	0.000	0.000
1449	7.24000	242.407	-438.394	400.114	0.000	0.000	0.000
1450	7.24500	242.452	-438.403	400.098	0.000	0.000	0.000
1451	7.25000	242.484	-438.401	400.123	0.000	0.000	0.000
1452	7.25500	242.525	-438.408	400.136	0.000	0.000	0.000
1453	7.26000	242.561	-438.403	400.132	0.000	0.000	0.000
1454	7.26500	242.597	-438.405	400.128	0.000	0.000	0.000
1455	7.27000	242.646	-438.414	400.128	0.000	0.000	0.000
1456	7.27500	242.677	-438.424	400.108	0.000	0.000	0.000
1457	7.28000	242.727	-438.418	400.108	0.000	0.000	0.000
1458	7.28500	242.754	-438.426	400.117	0.000	0.000	0.000
1459	7.29000	242.803	-438.440	400.118	0.000	0.000	0.000
1460	7.29500	242.839	-438.436	400.113	0.000	0.000	0.000
1461	7.30000	242.880	-438.441	400.126	0.000	0.000	0.000
1462	7.30500	242.916	-438.443	400.122	0.000	0.000	0.000
1463	7.31000	242.956	-438.450	400.135	0.000	0.000	0.000
1464	7.31500	242.993	-438.445	400.131	0.000	0.000	0.000
1465	7.32000	243.029	-438.447	400.127	0.000	0.000	0.000
1466	7.32500	243.064	-438.449	400.123	0.000	0.000	0.000
1467	7.33000	243.100	-438.458	400.119	0.000	0.000	0.000
1468	7.33500	243.140	-438.458	400.132	0.000	0.000	0.000
1469	7.34000	243.179	-438.471	400.099	0.000	0.000	0.000
1470	7.34500	243.221	-438.470	400.112	0.000	0.000	0.000
1471	7.35000	243.257	-438.464	400.107	0.000	0.000	0.000
1472	7.35500	243.306	-438.466	400.108	0.000	0.000	0.000
1473	7.36000	243.334	-438.466	400.116	0.000	0.000	0.000
1474	7.36500	243.378	-438.476	400.100	0.000	0.000	0.000
1475	7.37000	243.418	-438.469	400.066	0.000	0.000	0.000
1476	7.37500	243.455	-438.472	400.109	0.000	0.000	0.000
1477	7.38000	243.491	-438.479	400.105	0.000	0.000	0.000
1478	7.38500	243.534	-438.457	400.118	0.000	0.000	0.000
1479	7.39000	243.569	-438.467	400.114	0.000	0.000	0.000
1480	7.39500	243.613	-438.478	400.098	0.000	0.000	0.000
1481	7.40000	243.659	-438.475	400.127	0.000	0.000	0.000
1482	7.40500	243.695	-438.477	400.123	0.000	0.000	0.000
1483	7.41000	243.744	-438.479	400.123	0.000	0.000	0.000
1484	7.41500	243.780	-438.482	400.120	0.000	0.000	0.000
1485	7.42000	243.816	-438.483	400.115	0.000	0.000	0.000
1486	7.42500	243.857	-438.477	400.128	0.000	0.000	0.000
1487	7.43000	243.898	-438.470	400.141	0.000	0.000	0.000
1488	7.43500	243.929	-438.467	400.120	0.000	0.000	0.000
1489	7.44000	243.993	-438.468	400.124	0.000	0.000	0.000
1490	7.44500	244.020	-438.455	400.133	0.000	0.000	0.000
1491	7.45000	244.065	-438.465	400.117	0.000	0.000	0.000
1492	7.45500	244.106	-438.464	400.129	0.000	0.000	0.000
1493	7.46000	244.139	-438.454	400.155	0.000	0.000	0.000
1494	7.46500	244.178	-438.461	400.121	0.000	0.000	0.000
1495	7.47000	244.220	-438.454	400.134	0.000	0.000	0.000
1496	7.47500	244.270	-438.448	400.134	0.000	0.000	0.000
1497	7.48000	244.305	-438.450	400.130	0.000	0.000	0.000
1498	7.48500	244.347	-438.443	400.143	0.000	0.000	0.000
1499	7.49000	244.388	-438.435	400.156	0.000	0.000	0.000
1500	7.49500	244.433	-438.426	400.139	0.000	0.000	0.000
1501	7.50000	244.469	-438.421	400.135	0.000	0.000	0.000
1502	7.50500	244.502	-438.419	400.160	0.000	0.000	0.000
1503	7.51000	244.547	-438.415	400.144	0.000	0.000	0.000
1504	7.51500	244.583	-438.417	400.140	0.000	0.000	0.000
1505	7.52000	244.628	-438.421	400.170	0.000	0.000	0.000
1506	7.52500	244.686	-438.426	400.158	0.000	0.000	0.000
1507	7.53000	244.723	-438.421	400.154	0.000	0.000	0.000
1508	7.53500	244.763	-438.422	400.166	0.000	0.000	0.000
1509	7.54000	244.813	-438.423	400.167	0.000	0.000	0.000
1510	7.54500	244.849	-438.432	400.163	0.000	0.000	0.000
1511	7.55000	244.898	-438.433	400.163	0.000	0.000	0.000
1512	7.55500	244.948	-438.434	400.164	0.000	0.000	0.000
1513	7.56000	244.984	-438.436	400.160	0.000	0.000	0.000
1514	7.56500	245.025	-438.436	400.173	0.000	0.000	0.000
1515	7.57000	245.074	-438.438	400.173	0.000	0.000	0.000
1516	7.57500	245.118	-438.449	400.157	0.000	0.000	0.000
1517	7.58000	245.164	-438.447	400.186	0.000	0.000	0.000
1518	7.58500	245.200	-438.448	400.182	0.000	0.000	0.000
1519	7.59000	245.258	-438.452	400.170	0.000	0.000	0.000
1520	7.59500	245.294	-438.446	400.166	0.000	0.000	0.000
1521	7.60000	245.336	-438.439	400.179	0.000	0.000	0.000
1522	7.60500	245.385	-438.441	400.180	0.000	0.000	0.000
1523	7.61000	245.422	-438.435	400.176	0.000	0.000	0.000
1524	7.61500	245.472	-438.430	400.176	0.000	0.000	0.000
1525	7.62000	245.516	-438.441	400.160	0.000	0.000	0.000
1526	7.62500	245.557	-438.441	400.173	0.000	0.000	0.000
1527	7.63000	245.601	-438.444	400.156	0.000	0.000	0.000
1528	7.63500	245.642	-438.444	400.169	0.000	0.000	0.000
1529	7.64000	245.692	-438.446	400.169	0.000	0.000	0.000
1530	7.64500	245.733	-438.451	400.183	0.000	0.000	0.000
1531	7.65000	245.790	-438.463	400.171	0.000	0.000	0.000
1532	7.65500	245.828	-438.465	400.213	0.000	0.000	0.000
1533	7.66000	245.881	-438.470	400.185	0.000	0.000	0.000
1534	7.66500	245.922	-438.477	400.197	0.000	0.000	0.000
1535	7.67000	245.971	-438.478	400.198	0.000	0.000	0.000
1536	7.67500	246.007	-438.480	400.194	0.000	0.000	0.000
1537	7.68000	246.057	-438.476	400.195	0.000	0.000	0.000
1538	7.68500	246.101	-438.479	400.178	0.000	0.000	0.000
1539	7.69000	246.151	-438.481	400.179	0.000	0.000	0.000
1540	7.69500	246.192	-438.487	400.191	0.000	0.000	0.000
1541	7.70000	246.233	-438.487	400.204	0.000	0.000	0.000
1542	7.70500	246.271	-438.500	400.171	0.000	0.000	0.000
1543	7.71000	246.307	-438.497	400.167	0.000	0.000	0.000
1544	7.71500	246.362	-438.489	400.184	0.000	0.000	0.000
1545	7.72000	246.407	-438.499	400.168	0.000	0.000	0.000
1546	7.72500	246.443	-438.500	400.164	0.000	0.000	0.000
1547	7.73000	246.496	-438.499	400.135	0.000	0.000	0.000
1548	7.73500	246.528	-438.496	400.161	0.000	0.000	0.000
1549	7.74000	246.576	-438.505	400.115	0.000	0.000	0.000
1550	7.74500	246.618	-438.498	400.128	0.000	0.000	0.000
1551	7.75000	246.667	-438.499	400.129	0.000	0.000	0.000
1552	7.75500	246.695	-438.505	400.138	0.000	0.000	0.000
1553	7.76000	246.753	-438.503	400.125	0.000	0.000	0.000
1554	7.76500	246.794	-438.501	400.138	0.000	0.000	0.000
1555	7.77000	246.838	-438.507	400.122	0.000	0.000	0.000
1556	7.77500	246.883	-438.497	400.106	0.000	0.000	0.000
1557	7.78000	246.925	-438.495	400.119	0.000	0.000	0.000
1558	7.78500	246.974	-438.491	400.119	0.000	0.000	0.000
1559	7.79000	247.019	-438.495	400.102	0.000	0.000	0.000
1560	7.79500	247.068	-438.498	400.103	0.000	0.000	0.000
1561	7.80000	247.109	-438.497	400.116	0.000	0.000	0.000
1562	7.80500	247.159	-438.492	400.116	0.000	0.000	0.000
1563	7.81000	247.194	-438.494	400.112	0.000	0.000	0.000
1564	7.81500	247.245	-438.488	400.113	0.000	0.000	0.000
1565	7.82000	247.286	-438.494	400.126	0.000	0.000	0.000
1566	7.82500	247.335	-438.477	400.126	0.000	0.000	0.000
1567	7.83000	247.380	-438.480	400.110	0.000	0.000	0.000
1568	7.83500	247.417	-438.461	400.105	0.000	0.000	0.000
1569	7.84000	247.462	-438.388	400.072	0.000	0.000	0.000
1570	7.84500	247.504	-438.375	400.084	0.000	0.000	0.000
1571	7.85000	247.549	-438.370	400.068	0.000	0.000	0.000
1572	7.85500	247.604	-438.357	400.085	0.000	0.000	0.000
1573	7.86000	247.646	-438.349	400.098	0.000	0.000	0.000
1574	7.86500	247.682	-438.344	400.094	0.000	0.000	0.000
1575	7.87000	247.732	-438.333	400.094	0.000	0.000	0.000
1576	7.87500	247.768	-438.335	400.090	0.000	0.000	0.000
1577	7.88000	247.812	-438.332	400.074	0.000	0.000	0.000
1578	7.88500	247.853	-438.326	400.087	0.000	0.000	0.000
1579	7.89000	247.898	-438.335	400.071	0.000	0.000	0.000
1580	7.89500	247.939	-438.315	400.083	0.000	0.000	0.000
1581	7.90000	247.988	-438.318	400.083	0.000	0.000	0.000
1582	7.90500	248.033	-438.329	400.068	0.000	0.000	0.000
1583	7.91000	248.074	-438.315	400.080	0.000	0.000	0.000
1584	7.91500	248.124	-438.322	400.081	0.000	0.000	0.000
1585	7.92000	248.160	-438.325	400.077	0.000	0.000	0.000
1586	7.92500	248.217	-438.335	400.065	0.000	0.000	0.000
1587	7.93000	248.258	-438.335	400.078	0.000	0.000	0.000
1588	7.93500	248.300	-438.333	400.092	0.000	0.000	0.000
1589	7.94000	248.358	-438.350	400.080	0.000	0.000	0.000
1590	7.94500	248.407	-438.352	400.080	0.000	0.000	0.000
1591	7.95000	248.444	-438.351	400.077	0.000	0.000	0.000
1592	7.95500	248.502	-438.362	400.065	0.000	0.000	0.000
1593	7.96000	248.553	-438.365	400.112	0.000	0.000	0.000
1594	7.96500	248.592	-438.358	400.079	0.000	0.000	0.000
1595	7.97000	248.641	-438.367	400.079	0.000	0.000	0.000
1596	7.97500	248.674	-438.363	400.105	0.000	0.000	0.000
1597	7.98000	248.732	-438.368	400.093	0.000	0.000	0.000
1598	7.98500	248.768	-438.370	400.089	0.000	0.000	0.000
1599	7.99000	248.812	-438.374	400.073	0.000	0.000	0.000
1600	7.99500	248.856	-438.385	400.056	0.000	0.000	0.000
1601	8.00000	248.905	-438.387	400.057	0.000	0.000	0.000
1602	8.00500	248.955	-438.389	400.058	0.000	0.000	0.000
1603	8.01000	249.004	-438.403	400.059	0.000	0.000	0.000
1604	8.01500	249.045	-438.403	400.072	0.000	0.000	0.000
1605	8.02000	249.086	-438.409	400.085	0.000	0.000	0.000
1606	8.02500	249.136	-438.410	400.086	0.000	0.000	0.000
1607	8.03000	249.172	-438.418	400.082	0.000	0.000	0.000
1608	8.03500	249.226	-438.425	400.100	0.000	0.000	0.000
1609	8.04000	249.271	-438.422	400.084	0.000	0.000	0.000
1610	8.04500	249.312	-438.416	400.096	0.000	0.000	0.000
1611	8.05000	249.353	-438.409	400.109	0.000	0.000	0.000
1612	8.05500	249.393	-438.414	400.076	0.000	0.000	0.000
1613	8.06000	249.448	-438.406	400.094	0.000	0.000	0.000
1614	8.06500	249.493	-438.403	400.077	0.000	0.000	0.000
1615	8.07000	249.538	-438.407	400.107	0.000	0.000	0.000
1616	8.07500	249.583	-438.398	400.090	0.000	0.000	0.000
1617	8.08000	249.628	-438.388	400.074	0.000	0.000	0.000
1618	8.08500	249.669	-438.381	400.087	0.000	0.000	0.000
1619	8.09000	249.714	-438.378	400.070	0.000	0.000	0.000
1620	8.09500	249.764	-438.386	400.072	0.000	0.000	0.000
1621	8.10000	249.800	-438.375	400.067	0.000	0.000	0.000
1622	8.10500	249.841	-438.381	400.081	0.000	0.000	0.000
1623	8.11000	249.886	-438.391	400.065	0.000	0.000	0.000
1624	8.11500	249.935	-438.386	400.065	0.000	0.000	0.000
1625	8.12000	249.977	-438.378	400.078	0.000	0.000	0.000
1626	8.12500	250.021	-438.389	400.063	0.000	0.000	0.000
1627	8.13000	250.059	-438.378	400.104	0.000	0.000	0.000
1628	8.13500	250.103	-438.382	400.088	0.000	0.000	0.000
1629	8.14000	250.167	-438.377	400.093	0.000	0.000	0.000
1630	8.14500	250.193	-438.378	400.102	0.000	0.000	0.000
1631	8.15000	250.244	-438.378	400.103	0.000	0.000	0.000
1632	8.15500	250.288	-438.369	400.086	0.000	0.000	0.000
1633	8.16000	250.329	-438.369	400.099	0.000	0.000	0.000
1634	8.16500	250.390	-438.339	400.133	0.000	0.000	0.000
1635	8.17000	250.437	-438.317	400.162	0.000	0.000	0.000
1636	8.17500	250.475	-438.338	400.130	0.000	0.000	0.000
1637	8.18000	250.517	-438.322	400.142	0.000	0.000	0.000
1638	8.18500	250.581	-438.316	400.147	0.000	0.000	0.000
1639	8.19000	250.623	-438.315	400.161	0.000	0.000	0.000
1640	8.19500	250.658	-438.311	400.157	0.000	0.000	0.000
1641	8.20000	250.717	-438.320	400.145	0.000	0.000	0.000
1642	8.20500	250.749	-438.317	400.171	0.000	0.000	0.000
1643	8.21000	250.789	-438.322	400.138	0.000	0.000	0.000
1644	8.21500	250.830	-438.335	400.152	0.000	0.000	0.000
1645	8.22000	250.880	-438.330	400.152	0.000	0.000	0.000
1646	8.22500	250.930	-438.337	400.153	0.000	0.000	0.000
1647	8.23000	250.973	-438.342	400.137	0.000	0.000	0.000
1648	8.23500	251.010	-438.343	400.134	0.000	0.000	0.000
1649	8.24000	251.048	-438.364	400.100	0.000	0.000	0.000
1650	8.24500	251.100	-438.346	400.147	0.000	0.000	0.000
1651	8.25000	251.129	-438.365	400.126	0.000	0.000	0.000
1652	8.25500	251.186	-438.376	400.115	0.000	0.000	0.000
1653	8.26000	251.227	-438.375	400.128	0.000	0.000	0.000
1654	8.26500	251.285	-438.380	400.116	0.000	0.000	0.000
1655	8.27000	251.322	-438.382	400.158	0.000	0.000	0.000
1656	8.27500	251.375	-438.388	400.130	0.000	0.000	0.000
1657	8.28000	251.414	-438.409	400.097	0.000	0.000	0.000
1658	8.28500	251.461	-438.398	400.127	0.000	0.000	0.000
1659	8.29000	251.511	-438.400	400.128	0.000	0.000	0.000
1660	8.29500	251.552	-438.399	400.141	0.000	0.000	0.000
1661	8.30000	251.593	-438.397	400.155	0.000	0.000	0.000
1662	8.30500	251.643	-438.391	400.155	0.000	0.000	0.000
1663	8.31000	251.688	-438.395	400.139	0.000	0.000	0.000
1664	8.31500	251.724	-438.403	400.136	0.000	0.000	0.000
1665	8.32000	251.779	-438.381	400.153	0.000	0.000	0.000
1666	8.32500	251.826	-438.365	400.183	0.000	0.000	0.000
1667	8.33000	251.871	-438.368	400.167	0.000	0.000	0.000
1668	8.33500	251.901	-438.380	400.146	0.000	0.000	0.000
1669	8.34000	251.950	-438.376	400.146	0.000	0.000	0.000
1670	8.34500	251.992	-438.368	400.160	0.000	0.000	0.000
1671	8.35000	252.042	-438.363	400.160	0.000	0.000	0.000
1672	8.35500	252.077	-438.359	400.156	0.000	0.000	0.000
1673	8.36000	252.127	-438.361	400.157	0.000	0.000	0.000
1674	8.36500	252.177	-438.355	400.158	0.000	0.000	0.000
1675	8.37000	252.227	-438.358	400.158	0.000	0.000	0.000
1676	8.37500	252.281	-438.363	400.176	0.000	0.000	0.000
1677	8.38000	252.323	-438.349	400.189	0.000	0.000	0.000
1678	8.38500	252.367	-438.367	400.174	0.000	0.000	0.000
1679	8.39000	252.407	-438.361	400.186	0.000	0.000	0.000
1680	8.39500	252.449	-438.358	400.200	0.000	0.000	0.000
1681	8.40000	252.499	-438.361	400.201	0.000	0.000	0.000
1682	8.40500	252.540	-438.360	400.214	0.000	0.000	0.000
1683	8.41000	252.590	-438.355	400.215	0.000	0.000	0.000
1684	8.41500	252.631	-438.347	400.228	0.000	0.000	0.000
1685	8.42000	252.684	-438.353	400.199	0.000	0.000	0.000
1686	8.42500	252.726	-438.345	400.212	0.000	0.000	0.000
1687	8.43000	252.775	-438.334	400.213	0.000	0.000	0.000
1688	8.43500	252.828	-438.340	400.184	0.000	0.000	0.000
1689	8.44000	252.861	-438.324	400.209	0.000	0.000	0.000
1690	8.44500	252.906	-438.328	400.193	0.000	0.000	0.000
1691	8.45000	252.950	-438.332	400.177	0.000	0.000	0.000
1692	8.45500	253.000	-438.326	400.178	0.000	0.000	0.000
1693	8.46000	253.044	-438.331	400.162	0.000	0.000	0.000
1694	8.46500	253.094	-438.325	400.162	0.000	0.000	0.000
1695	8.47000	253.135	-438.325	400.176	0.000	0.000	0.000
1696	8.47500	253.180	-438.341	400.160	0.000	0.000	0.000
1697	8.48000	253.221	-438.341	400.173	0.000	0.000	0.000
1698	8.48500	253.279	-438.346	400.162	0.000	0.000	0.000
1699	8.49000	253.324	-438.356	400.192	0.000	0.000	0.000
1700	8.49500	253.374	-438.358	400.193	0.000	0.000	0.000
1701	8.50000	253.423	-438.366	400.194	0.000	0.000	0.000
1702	8.50500	253.465	-438.359	400.207	0.000	0.000	0.000
1703	8.51000	253.522	-438.369	400.195	0.000	0.000	0.000
1704	8.51500	253.563	-438.369	400.209	0.000	0.000	0.000
1705	8.52000	253.613	-438.371	400.210	0.000	0.000	0.000
1706	8.52500	253.671	-438.368	400.198	0.000	0.000	0.000
1707	8.53000	253.715	-438.378	400.182	0.000	0.000	0.000
1708	8.53500	253.761	-438.363	400.211	0.000	0.000	0.000
1709	8.54000	253.805	-438.374	400.195	0.000	0.000	0.000
1710	8.54500	253.864	-438.371	400.184	0.000	0.000	0.000
1711	8.55000	253.900	-438.365	400.180	0.000	0.000	0.000
1712	8.55500	253.941	-438.372	400.193	0.000	0.000	0.000
1713	8.56000	253.999	-438.381	400.182	0.000	0.000	0.000
1714	8.56500	254.049	-438.383	400.183	0.000	0.000	0.000
1715	8.57000	254.094	-438.393	400.167	0.000	0.000	0.000
1716	8.57500	254.134	-438.392	400.181	0.000	0.000	0.000
1717	8.58000	254.179	-438.402	400.165	0.000	0.000	0.000
1718	8.58500	254.220	-438.401	400.178	0.000	0.000	0.000
1719	8.59000	254.261	-438.401	400.192	0.000	0.000	0.000
1720	8.59500	254.320	-438.398	400.180	0.000	0.000	0.000
1721	8.60000	254.369	-438.407	400.181	0.000	0.000	0.000
1722	8.60500	254.423	-438.406	400.199	0.000	0.000	0.000
1723	8.61000	254.464	-438.406	400.212	0.000	0.000	0.000
1724	8.61500	254.522	-438.405	400.200	0.000	0.000	0.000
1725	8.62000	254.572	-438.406	400.201	0.000	0.000	0.000
1726	8.62500	254.621	-438.415	400.202	0.000	0.000	0.000
1727	8.63000	254.679	-438.412	400.190	0.000	0.000	0.000
1728	8.63500	254.726	-438.396	400.220	0.000	0.000	0.000
1729	8.64000	254.767	-438.389	400.233	0.000	0.000	0.000
1730	8.64500	254.825	-438.392	400.221	0.000	0.000	0.000
1731	8.65000	254.875	-438.393	400.222	0.000	0.000	0.000
1732	8.65500	254.917	-438.379	400.236	0.000	0.000	0.000
1733	8.66000	254.962	-438.375	400.219	0.000	0.000	0.000
1734	8.66500	255.017	-438.373	400.237	0.000	0.000	0.000
1735	8.67000	255.066	-438.375	400.238	0.000	0.000	0.000
1736	8.67500	255.103	-438.369	400.235	0.000	0.000	0.000
1737	8.68000	255.152	-438.371	400.236	0.000	0.000	0.000
1738	8.68500	255.205	-438.377	400.207	0.000	0.000	0.000
1739	8.69000	255.260	-438.377	400.225	0.000	0.000	0.000
1740	8.69500	255.303	-438.395	400.209	0.000	0.000	0.000
1741	8.70000	255.368	-438.383	400.214	0.000	0.000	0.000
1742	8.70500	255.422	-438.376	400.232	0.000	0.000	0.000
1743	8.71000	255.471	-438.386	400.233	0.000	0.000	0.000
1744	8.71500	255.521	-438.380	400.234	0.000	0.000	0.000
1745	8.72000	255.584	-438.368	400.238	0.000	0.000	0.000
1746	8.72500	255.634	-438.384	400.240	0.000	0.000	0.000
1747	8.73000	255.684	-438.378	400.241	0.000	0.000	0.000
1748	8.73500	255.725	-438.377	400.254	0.000	0.000	0.000
1749	8.74000	255.793	-438.363	400.276	0.000	0.000	0.000
1750	8.74500	255.838	-438.374	400.260	0.000	0.000	0.000
1751	8.75000	255.887	-438.375	400.261	0.000	0.000	0.000
1752	8.75500	255.942	-438.361	400.279	0.000	0.000	0.000
1753	8.76000	256.001	-438.363	400.267	0.000	0.000	0.000
1754	8.76500	256.037	-438.372	400.264	0.000	0.000	0.000
1755	8.77000	256.087	-438.367	400.265	0.000	0.000	0.000
1756	8.77500	256.145	-438.371	400.253	0.000	0.000	0.000
1757	8.78000	256.195	-438.371	400.255	0.000	0.000	0.000
1758	8.78500	256.254	-438.368	400.243	0.000	0.000	0.000
1759	8.79000	256.298	-438.379	400.227	0.000	0.000	0.000
1760	8.79500	256.347	-438.368	400.228	0.000	0.000	0.000
1761	8.80000	256.396	-438.376	400.229	0.000	0.000	0.000
1762	8.80500	256.455	-438.373	400.217	0.000	0.000	0.000
1763	8.81000	256.500	-438.372	400.247	0.000	0.000	0.000
1764	8.81500	256.558	-438.376	400.236	0.000	0.000	0.000
1765	8.82000	256.607	-438.384	400.237	0.000	0.000	0.000
1766	8.82500	256.671	-438.392	400.242	0.000	0.000	0.000
1767	8.83000	256.712	-438.379	400.255	0.000	0.000	0.000
1768	8.83500	256.770	-438.382	400.244	0.000	0.000	0.000
1769	8.84000	256.820	-438.390	400.245	0.000	0.000	0.000
1770	8.84500	256.875	-438.382	400.263	0.000	0.000	0.000
1771	8.85000	256.933	-438.386	400.252	0.000	0.000	0.000
1772	8.85500	256.983	-438.386	400.253	0.000	0.000	0.000
1773	8.86000	257.033	-438.387	400.254	0.000	0.000	0.000
1774	8.86500	257.082	-438.389	400.255	0.000	0.000	0.000
1775	8.87000	257.141	-438.393	400.243	0.000	0.000	0.000
1776	8.87500	257.199	-438.397	400.232	0.000	0.000	0.000
1777	8.88000	257.243	-438.408	400.216	0.000	0.000	0.000
1778	8.88500	257.298	-438.393	400.234	0.000	0.000	0.000
1779	8.89000	257.356	-438.397	400.222	0.000	0.000	0.000
1780	8.89500	257.410	-438.403	400.194	0.000	0.000	0.000
1781	8.90000	257.459	-438.392	400.195	0.000	0.000	0.000
1782	8.90500	257.509	-438.393	400.196	0.000	0.000	0.000
1783	8.91000	257.567	-438.397	400.184	0.000	0.000	0.000
1784	8.91500	257.626	-438.389	400.219	0.000	0.000	0.000
1785	8.92000	257.672	-438.379	400.203	0.000	0.000	0.000
1786	8.92500	257.721	-438.388	400.204	0.000	0.000	0.000
1787	8.93000	257.785	-438.382	400.209	0.000	0.000	0.000
1788	8.93500	257.848	-438.389	400.215	0.000	0.000	0.000
1789	8.94000	257.902	-438.381	400.187	0.000	0.000	0.000
1790	8.94500	257.952	-438.383	400.188	0.000	0.000	0.000
1791	8.95000	257.988	-438.307	400.167	0.000	0.000	0.000
1792	8.95500	258.042	-438.293	400.138	0.000	0.000	0.000
1793	8.96000	258.094	-438.281	400.186	0.000	0.000	0.000
1794	8.96500	258.143	-438.282	400.187	0.000	0.000	0.000
1795	8.97000	258.184	-438.274	400.154	0.000	0.000	0.000
1796	8.97500	258.242	-438.277	400.142	0.000	0.000	0.000
1797	8.98000	258.305	-438.285	400.148	0.000	0.000	0.000
1798	8.98500	258.355	-438.273	400.149	0.000	0.000	0.000
1799	8.99000	258.404	-438.351	400.167	0.000	0.000	0.000
1800	8.99500	258.458	-438.275	400.121	0.000	0.000	0.000
1801	9.00000	258.507	-438.277	400.122	0.000	0.000	0.000
1802	9.00500	258.557	-438.265	400.123	0.000	0.000	0.000
1803	9.01000	258.620	-438.280	400.129	0.000	0.000	0.000
1804	9.01500	258.683	-438.269	400.134	0.000	0.000	0.000
1805	9.02000	258.733	-438.277	400.136	0.000	0.000	0.000
1806	9.02500	258.797	-438.272	400.141	0.000	0.000	0.000
1807	9.03000	258.843	-438.269	400.171	0.000	0.000	0.000
1808	9.03500	258.901	-438.272	400.160	0.000	0.000	0.000
1809	9.04000	258.964	-438.266	400.166	0.000	0.000	0.000
1810	9.04500	259.019	-438.265	400.183	0.000	0.000	0.000
1811	9.05000	259.069	-438.253	400.185	0.000	0.000	0.000
1812	9.05500	259.124	-438.245	400.202	0.000	0.000	0.000
1813	9.06000	259.183	-438.249	400.191	0.000	0.000	0.000
1814	9.06500	259.233	-438.242	400.192	0.000	0.000	0.000
1815	9.07000	259.282	-438.231	400.193	0.000	0.000	0.000
1816	9.07500	259.341	-438.241	400.182	0.000	0.000	0.000
1817	9.08000	259.394	-438.240	400.153	0.000	0.000	0.000
1818	9.08500	259.439	-438.238	400.137	0.000	0.000	0.000
1819	9.09000	259.489	-438.246	400.139	0.000	0.000	0.000
1820	9.09500	259.546	-438.251	400.127	0.000	0.000	0.000
1821	9.10000	259.595	-438.266	400.129	0.000	0.000	0.000
1822	9.10500	259.658	-438.261	400.134	0.000	0.000	0.000
1823	9.11000	259.713	-438.261	400.152	0.000	0.000	0.000
1824	9.11500	259.775	-438.270	400.158	0.000	0.000	0.000
1825	9.12000	259.820	-438.275	400.142	0.000	0.000	0.000
1826	9.12500	259.874	-438.280	400.160	0.000	0.000	0.000
1827	9.13000	259.929	-438.280	400.178	0.000	0.000	0.000
1828	9.13500	259.992	-438.280	400.184	0.000	0.000	0.000
1829	9.14000	260.042	-438.287	400.186	0.000	0.000	0.000
1830	9.14500	260.092	-438.282	400.187	0.000	0.000	0.000
1831	9.15000	260.156	-438.282	400.193	0.000	0.000	0.000
1832	9.15500	260.205	-438.285	400.193	0.000	0.000	0.000
1833	9.16000	260.255	-438.286	400.195	0.000	0.000	0.000
1834	9.16500	260.308	-438.284	400.166	0.000	0.000	0.000
1835	9.17000	260.354	-438.289	400.197	0.000	0.000	0.000
1836	9.17500	260.412	-438.286	400.185	0.000	0.000	0.000
1837	9.18000	260.461	-438.295	400.187	0.000	0.000	0.000
1838	9.18500	260.515	-438.293	400.158	0.000	0.000	0.000
1839	9.19000	260.564	-438.302	400.160	0.000	0.000	0.000
1840	9.19500	260.622	-438.306	400.148	0.000	0.000	0.000
1841	9.20000	260.672	-438.308	400.149	0.000	0.000	0.000
1842	9.20500	260.729	-438.313	400.138	0.000	0.000	0.000
1843	9.21000	260.779	-438.307	400.139	0.000	0.000	0.000
1844	9.21500	260.833	-438.321	400.158	0.000	0.000	0.000
1845	9.22000	260.897	-438.322	400.163	0.000	0.000	0.000
1846	9.22500	260.946	-438.324	400.165	0.000	0.000	0.000
1847	9.23000	260.996	-438.331	400.166	0.000	0.000	0.000
1848	9.23500	261.060	-438.325	400.172	0.000	0.000	0.000
1849	9.24000	261.109	-438.327	400.173	0.000	0.000	0.000
1850	9.24500	261.160	-438.314	400.174	0.000	0.000	0.000
1851	9.25000	261.214	-438.314	400.192	0.000	0.000	0.000
1852	9.25500	261.269	-438.292	400.210	0.000	0.000	0.000
1853	9.26000	261.314	-438.302	400.194	0.000	0.000	0.000
1854	9.26500	261.373	-438.298	400.183	0.000	0.000	0.000
1855	9.27000	261.423	-438.287	400.184	0.000	0.000	0.000
1856	9.27500	261.477	-438.273	400.201	0.000	0.000	0.000
1857	9.28000	261.531	-438.272	400.173	0.000	0.000	0.000
1858	9.28500	261.577	-438.269	400.204	0.000	0.000	0.000
1859	9.29000	261.641	-438.264	400.210	0.000	0.000	0.000
1860	9.29500	261.690	-438.253	400.210	0.000	0.000	0.000
1861	9.30000	261.729	-438.273	400.178	0.000	0.000	0.000
1862	9.30500	261.803	-438.255	400.217	0.000	0.000	0.000
1863	9.31000	261.853	-438.258	400.219	0.000	0.000	0.000
1864	9.31500	261.899	-438.255	400.249	0.000	0.000	0.000
1865	9.32000	261.962	-438.250	400.255	0.000	0.000	0.000
1866	9.32500	262.017	-438.248	400.227	0.000	0.000	0.000
1867	9.33000	262.071	-438.246	400.245	0.000	0.000	0.000
1868	9.33500	262.125	-438.253	400.264	0.000	0.000	0.000
1869	9.34000	262.189	-438.247	400.269	0.000	0.000	0.000
1870	9.34500	262.239	-438.241	400.271	0.000	0.000	0.000
1871	9.35000	262.299	-438.231	400.306	0.000	0.000	0.000
1872	9.35500	262.352	-438.238	400.278	0.000	0.000	0.000
1873	9.36000	262.397	-438.228	400.261	0.000	0.000	0.000
1874	9.36500	262.455	-438.232	400.250	0.000	0.000	0.000
1875	9.37000	262.505	-438.226	400.251	0.000	0.000	0.000
1876	9.37500	262.555	-438.227	400.252	0.000	0.000	0.000
1877	9.38000	262.604	-438.230	400.254	0.000	0.000	0.000
1878	9.38500	262.649	-438.233	400.238	0.000	0.000	0.000
1879	9.39000	262.703	-438.233	400.256	0.000	0.000	0.000
1880	9.39500	262.765	-438.240	400.216	0.000	0.000	0.000
1881	9.40000	262.819	-438.247	400.234	0.000	0.000	0.000
1882	9.40500	262.869	-438.249	400.235	0.000	0.000	0.000
1883	9.41000	262.923	-438.256	400.254	0.000	0.000	0.000
1884	9.41500	262.986	-438.257	400.260	0.000	0.000	0.000
1885	9.42000	263.035	-438.266	400.262	0.000	0.000	0.000
1886	9.42500	263.090	-438.272	400.280	0.000	0.000	0.000
1887	9.43000	263.145	-438.269	400.298	0.000	0.000	0.000
1888	9.43500	263.212	-438.276	400.275	0.000	0.000	0.000
1889	9.44000	263.266	-438.276	400.293	0.000	0.000	0.000
1890	9.44500	263.316	-438.275	400.295	0.000	0.000	0.000
1891	9.45000	263.380	-438.264	400.300	0.000	0.000	0.000
1892	9.45500	263.438	-438.268	400.289	0.000	0.000	0.000
1893	9.46000	263.487	-438.269	400.290	0.000	0.000	0.000
1894	9.46500	263.546	-438.272	400.279	0.000	0.000	0.000
1895	9.47000	263.595	-438.273	400.280	0.000	0.000	0.000
1896	9.47500	263.639	-438.279	400.264	0.000	0.000	0.000
1897	9.48000	263.684	-438.289	400.249	0.000	0.000	0.000
1898	9.48500	263.742	-438.293	400.238	0.000	0.000	0.000
1899	9.49000	263.791	-438.288	400.239	0.000	0.000	0.000
1900	9.49500	263.841	-438.302	400.241	0.000	0.000	0.000
1901	9.50000	263.913	-438.299	400.234	0.000	0.000	0.000
1902	9.50500	263.954	-438.311	400.248	0.000	0.000	0.000
1903	9.51000	264.002	-438.328	400.250	0.000	0.000	0.000
1904	9.51500	264.071	-438.313	400.273	0.000	0.000	0.000
1905	9.52000	264.129	-438.317	400.262	0.000	0.000	0.000
1906	9.52500	264.184	-438.316	400.280	0.000	0.000	0.000
1907	9.53000	264.234	-438.311	400.281	0.000	0.000	0.000
1908	9.53500	264.289	-438.309	400.300	0.000	0.000	0.000
1909	9.54000	264.353	-438.298	400.306	0.000	0.000	0.000
1910	9.54500	264.416	-438.291	400.311	0.000	0.000	0.000
1911	9.55000	264.457	-438.290	400.325	0.000	0.000	0.000
1912	9.55500	264.516	-438.281	400.313	0.000	0.000	0.000
1913	9.56000	264.574	-438.278	400.302	0.000	0.000	0.000
1914	9.56500	264.615	-438.271	400.316	0.000	0.000	0.000
1915	9.57000	264.665	-438.266	400.317	0.000	0.000	0.000
1916	9.57500	264.724	-438.262	400.306	0.000	0.000	0.000
1917	9.58000	264.776	-438.275	400.278	0.000	0.000	0.000
1918	9.58500	264.818	-438.268	400.292	0.000	0.000	0.000
1919	9.59000	264.876	-438.272	400.281	0.000	0.000	0.000
1920	9.59500	264.938	-438.280	400.287	0.000	0.000	0.000
1921	9.60000	264.997	-438.283	400.276	0.000	0.000	0.000
1922	9.60500	265.052	-438.282	400.294	0.000	0.000	0.000
1923	9.61000	265.101	-438.291	400.296	0.000	0.000	0.000
1924	9.61500	265.169	-438.291	400.319	0.000	0.000	0.000
1925	9.62000	265.224	-438.295	400.338	0.000	0.000	0.000
1926	9.62500	265.287	-438.290	400.344	0.000	0.000	0.000
1927	9.63000	265.337	-438.292	400.345	0.000	0.000	0.000
1928	9.63500	265.392	-438.278	400.363	0.000	0.000	0.000
1929	9.64000	265.455	-438.272	400.369	0.000	0.000	0.000
1930	9.64500	265.519	-438.266	400.375	0.000	0.000	0.000
1931	9.65000	265.586	-438.266	400.351	0.000	0.000	0.000
1932	9.65500	265.622	-438.268	400.348	0.000	0.000	0.000
1933	9.66000	265.685	-438.262	400.354	0.000	0.000	0.000
1934	9.66500	265.738	-438.269	400.325	0.000	0.000	0.000
1935	9.67000	265.788	-438.264	400.327	0.000	0.000	0.000
1936	9.67500	265.855	-438.275	400.304	0.000	0.000	0.000
1937	9.68000	265.896	-438.275	400.318	0.000	0.000	0.000
1938	9.68500	265.954	-438.278	400.307	0.000	0.000	0.000
1939	9.69000	266.009	-438.276	400.325	0.000	0.000	0.000
1940	9.69500	266.067	-438.288	400.315	0.000	0.000	0.000
1941	9.70000	266.121	-438.287	400.333	0.000	0.000	0.000
1942	9.70500	266.176	-438.293	400.352	0.000	0.000	0.000
1943	9.71000	266.244	-438.292	400.375	0.000	0.000	0.000
1944	9.71500	266.302	-438.303	400.364	0.000	0.000	0.000
1945	9.72000	266.365	-438.292	400.370	0.000	0.000	0.000
1946	9.72500	266.424	-438.302	400.359	0.000	0.000	0.000
1947	9.73000	266.482	-438.305	400.349	0.000	0.000	0.000
1948	9.73500	266.537	-438.291	400.366	0.000	0.000	0.000
1949	9.74000	266.595	-438.295	400.355	0.000	0.000	0.000
1950	9.74500	266.658	-438.289	400.361	0.000	0.000	0.000
1951	9.75000	266.711	-438.301	400.333	0.000	0.000	0.000
1952	9.75500	266.760	-438.297	400.335	0.000	0.000	0.000
1953	9.76000	266.804	-438.321	400.319	0.000	0.000	0.000
1954	9.76500	266.872	-438.299	400.296	0.000	0.000	0.000
1955	9.77000	266.913	-438.306	400.309	0.000	0.000	0.000
1956	9.77500	266.967	-438.311	400.282	0.000	0.000	0.000
1957	9.78000	267.016	-438.313	400.283	0.000	0.000	0.000
1958	9.78500	267.061	-438.329	400.268	0.000	0.000	0.000
1959	9.79000	267.119	-438.333	400.257	0.000	0.000	0.000
1960	9.79500	267.174	-438.331	400.276	0.000	0.000	0.000
1961	9.80000	267.224	-438.333	400.278	0.000	0.000	0.000
1962	9.80500	267.300	-438.335	400.289	0.000	0.000	0.000
1963	9.81000	267.355	-438.321	400.307	0.000	0.000	0.000
1964	9.81500	267.413	-438.325	400.296	0.000	0.000	0.000
1965	9.82000	267.468	-438.324	400.314	0.000	0.000	0.000
1966	9.82500	267.531	-438.313	400.320	0.000	0.000	0.000
1967	9.83000	267.586	-438.312	400.339	0.000	0.000	0.000
1968	9.83500	267.640	-438.298	400.310	0.000	0.000	0.000
1969	9.84000	267.695	-438.291	400.329	0.000	0.000	0.000
1970	9.84500	267.758	-438.271	400.334	0.000	0.000	0.000
1971	9.85000	267.808	-438.267	400.335	0.000	0.000	0.000
1972	9.85500	267.853	-438.256	400.320	0.000	0.000	0.000
1973	9.86000	267.912	-438.245	400.309	0.000	0.000	0.000
1974	9.86500	267.953	-438.250	400.277	0.000	0.000	0.000
1975	9.87000	268.003	-438.245	400.278	0.000	0.000	0.000
1976	9.87500	268.057	-438.243	400.250	0.000	0.000	0.000
1977	9.88000	268.102	-438.245	400.235	0.000	0.000	0.000
1978	9.88500	268.157	-438.237	400.254	0.000	0.000	0.000
1979	9.89000	268.211	-438.236	400.226	0.000	0.000	0.000
1980	9.89500	268.278	-438.245	400.249	0.000	0.000	0.000
1981	9.90000	268.328	-438.232	400.250	0.000	0.000	0.000
1982	9.90500	268.378	-438.214	400.251	0.000	0.000	0.000
1983	9.91000	268.370	-438.129	400.352	0.000	0.000	0.000
1984	9.91500	268.432	-438.127	400.357	0.000	0.000	0.000
1985	9.92000	268.499	-438.037	400.316	0.000	0.000	0.000
1986	9.92500	268.557	-438.024	400.304	0.000	0.000	0.000
1987	9.93000	268.612	-438.008	400.322	0.000	0.000	0.000
1988	9.93500	268.662	-438.010	400.324	0.000	0.000	0.000
1989	9.94000	268.725	-438.012	400.330	0.000	0.000	0.000
1990	9.94500	268.775	-438.024	400.332	0.000	0.000	0.000
1991	9.95000	268.817	-438.027	400.347	0.000	0.000	0.000
1992	9.95500	268.875	-438.036	400.337	0.000	0.000	0.000
1993	9.96000	268.925	-438.049	400.339	0.000	0.000	0.000
1994	9.96500	269.033	-438.138	400.242	0.000	0.000	0.000
1995	9.97000	269.078	-438.146	400.226	0.000	0.000	0.000
1996	9.97500	269.135	-438.159	400.216	0.000	0.000	0.000
1997	9.98000	269.194	-438.161	400.205	0.000	0.000	0.000
1998	9.98500	269.248	-438.173	400.224	0.000	0.000	0.000
1999	9.99000	269.310	-438.259	400.248	0.000	0.000	0.000
2000	9.99500	269.368	-438.270	400.237	0.000	0.000	0.000
2001	10.00000	269.422	-438.283	400.256	0.000	0.000	0.000
2002	10.00500	269.476	-438.212	400.211	0.000	0.000	0.000
2003	10.01000	269.537	-438.299	400.234	0.000	0.000	0.000
2004	10.01500	269.583	-438.304	400.265	0.000	0.000	0.000
2005	10.02000	269.651	-438.303	400.289	0.000	0.000	0.000
2006	10.02500	269.704	-438.309	400.261	0.000	0.000	0.000
2007	10.03000	269.773	-438.309	400.331	0.000	0.000	0.000
2008	10.03500	269.835	-438.317	400.291	0.000	0.000	0.000
2009	10.04000	269.889	-438.329	400.310	0.000	0.000	0.000
2010	10.04500	269.933	-438.333	400.294	0.000	0.000	0.000
2011	10.05000	269.975	-438.330	400.309	0.000	0.000	0.000
2012	10.05500	270.020	-438.334	400.293	0.000	0.000	0.000
2013	10.06000	270.073	-438.333	400.265	0.000	0.000	0.000
2014	10.06500	270.124	-438.333	400.267	0.000	0.000	0.000
2015	10.07000	270.169	-438.330	400.252	0.000	0.000	0.000
2016	10.07500	270.205	-438.331	400.249	0.000	0.000	0.000
2017	10.08000	270.268	-438.325	400.255	0.000	0.000	0.000
2018	10.08500	270.317	-438.256	400.193	0.000	0.000	0.000
2019	10.09000	270.377	-438.240	400.228	0.000	0.000	0.000
2020	10.09500	270.440	-438.242	400.234	0.000	0.000	0.000
2021	10.10000	270.489	-438.238	400.236	0.000	0.000	0.000
2022	10.10500	270.539	-438.227	400.237	0.000	0.000	0.000
2023	10.11000	270.593	-438.220	400.255	0.000	0.000	0.000
2024	10.11500	270.648	-438.213	400.274	0.000	0.000	0.000
2025	10.12000	270.698	-438.207	400.276	0.000	0.000	0.000
2026	10.12500	270.753	-438.200	400.294	0.000	0.000	0.000
2027	10.13000	270.812	-438.196	400.283	0.000	0.000	0.000
2028	10.13500	270.858	-438.186	400.315	0.000	0.000	0.000
2029	10.14000	270.917	-438.181	400.304	0.000	0.000	0.000
2030	10.14500	270.967	-438.175	400.306	0.000	0.000	0.000
2031	10.15000	271.022	-438.166	400.324	0.000	0.000	0.000
2032	10.15500	271.062	-438.165	400.292	0.000	0.000	0.000
2033	10.16000	271.117	-438.157	400.311	0.000	0.000	0.000
2034	10.16500	271.176	-438.152	400.300	0.000	0.000	0.000
2035	10.17000	271.230	-438.146	400.272	0.000	0.000	0.000
2036	10.17500	271.279	-438.147	400.273	0.000	0.000	0.000
2037	10.18000	271.320	-438.128	400.286	0.000	0.000	0.000
2038	10.18500	271.320	-438.045	400.375	0.000	0.000	0.000
2039	10.19000	271.373	-438.034	400.346	0.000	0.000	0.000
2040	10.19500	271.426	-438.047	400.319	0.000	0.000	0.000
2041	10.20000	271.486	-438.018	400.354	0.000	0.000	0.000
2042	10.20500	271.536	-438.008	400.355	0.000	0.000	0.000
2043	10.21000	271.599	-438.010	400.362	0.000	0.000	0.000
2044	10.21500	271.703	-437.946	400.301	0.000	0.000	0.000
2045	10.22000	271.757	-437.940	400.319	0.000	0.000	0.000
2046	10.22500	271.799	-437.938	400.334	0.000	0.000	0.000
2047	10.23000	271.870	-437.948	400.328	0.000	0.000	0.000
2048	10.23500	271.871	-438.004	400.409	0.000	0.000	0.000
2049	10.24000	271.913	-438.013	400.425	0.000	0.000	0.000
2050	10.24500	271.968	-438.017	400.444	0.000	0.000	0.000
2051	10.25000	272.078	-438.083	400.393	0.000	0.000	0.000
2052	10.25500	272.131	-438.095	400.365	0.000	0.000	0.000
2053	10.26000	272.181	-438.102	400.368	0.000	0.000	0.000
2054	10.26500	272.234	-438.109	400.339	0.000	0.000	0.000
2055	10.27000	272.283	-438.105	400.341	0.000	0.000	0.000
2056	10.27500	272.326	-438.099	400.324	0.000	0.000	0.000
2057	10.28000	272.326	-438.083	400.370	0.000	0.000	0.000
2058	10.28500	272.425	-438.104	400.327	0.000	0.000	0.000
2059	10.29000	272.419	-438.068	400.354	0.000	0.000	0.000
2060	10.29500	272.473	-438.069	400.372	0.000	0.000	0.000
2061	10.30000	272.585	-438.142	400.292	0.000	0.000	0.000
2062	10.30500	272.604	-438.129	400.359	0.000	0.000	0.000
2063	10.31000	272.679	-438.181	400.279	0.000	0.000	0.000
2064	10.31500	272.751	-438.196	400.274	0.000	0.000	0.000
2065	10.32000	272.811	-438.191	400.311	0.000	0.000	0.000
2066	10.32500	272.855	-438.203	400.295	0.000	0.000	0.000
2067	10.33000	272.920	-438.183	400.348	0.000	0.000	0.000
2068	10.33500	272.984	-438.190	400.355	0.000	0.000	0.000
2069	10.34000	273.032	-438.211	400.311	0.000	0.000	0.000
2070	10.34500	273.072	-438.205	400.325	0.000	0.000	0.000
2071	10.35000	273.131	-438.200	400.314	0.000	0.000	0.000
2072	10.35500	273.181	-438.195	400.316	0.000	0.000	0.000
2073	10.36000	273.236	-438.194	400.334	0.000	0.000	0.000
2074	10.36500	273.289	-438.199	400.307	0.000	0.000	0.000
2075	10.37000	273.339	-438.193	400.308	0.000	0.000	0.000
2076	10.37500	273.382	-438.207	400.293	0.000	0.000	0.000
2077	10.38000	273.441	-438.190	400.282	0.000	0.000	0.000
2078	10.38500	273.482	-438.189	400.296	0.000	0.000	0.000
2079	10.39000	273.535	-438.202	400.268	0.000	0.000	0.000
2080	10.39500	273.599	-438.196	400.275	0.000	0.000	0.000
2081	10.40000	273.649	-438.196	400.277	0.000	0.000	0.000
2082	10.40500	273.703	-438.196	400.296	0.000	0.000	0.000
2083	10.41000	273.767	-438.198	400.303	0.000	0.000	0.000
2084	10.41500	273.803	-438.193	400.300	0.000	0.000	0.000
2085	10.42000	273.862	-438.203	400.336	0.000	0.000	0.000
2086	10.42500	273.920	-438.194	400.325	0.000	0.000	0.000
2087	10.43000	273.980	-438.183	400.361	0.000	0.000	0.000
2088	10.43500	274.035	-438.182	400.381	0.000	0.000	0.000
2089	10.44000	274.080	-438.180	400.365	0.000	0.000	0.000
2090	10.44500	274.149	-438.165	400.389	0.000	0.000	0.000
2091	10.45000	274.199	-438.159	400.390	0.000	0.000	0.000
2092	10.45500	274.248	-438.154	400.392	0.000	0.000	0.000
2093	10.46000	274.302	-438.153	400.364	0.000	0.000	0.000
2094	10.46500	274.351	-438.148	400.365	0.000	0.000	0.000
2095	10.47000	274.401	-438.149	400.367	0.000	0.000	0.000
2096	10.47500	274.436	-438.146	400.364	0.000	0.000	0.000
2097	10.48000	274.449	-438.070	400.411	0.000	0.000	0.000
2098	10.48500	274.509	-438.107	400.403	0.000	0.000	0.000
2099	10.49000	274.594	-438.140	400.357	0.000	0.000	0.000
2100	10.49500	274.661	-438.156	400.335	0.000	0.000	0.000
2101	10.50000	274.719	-438.174	400.325	0.000	0.000	0.000
2102	10.50500	274.769	-438.176	400.327	0.000	0.000	0.000
2103	10.51000	274.829	-438.166	400.363	0.000	0.000	0.000
2104	10.51500	274.896	-438.177	400.340	0.000	0.000	0.000
2105	10.52000	274.950	-438.177	400.359	0.000	0.000	0.000
2106	10.52500	275.005	-438.176	400.378	0.000	0.000	0.000
2107	10.53000	275.050	-438.173	400.410	0.000	0.000	0.000
2108	10.53500	275.113	-438.175	400.416	0.000	0.000	0.000
2109	10.54000	275.185	-438.178	400.411	0.000	0.000	0.000
2110	10.54500	275.235	-438.180	400.413	0.000	0.000	0.000
2111	10.55000	275.294	-438.181	400.402	0.000	0.000	0.000
2112	10.55500	275.348	-438.174	400.421	0.000	0.000	0.000
2113	10.56000	275.401	-438.180	400.393	0.000	0.000	0.000
2114	10.56500	275.451	-438.181	400.395	0.000	0.000	0.000
2115	10.57000	275.500	-438.177	400.397	0.000	0.000	0.000
2116	10.57500	275.554	-438.188	400.369	0.000	0.000	0.000
2117	10.58000	275.612	-438.187	400.359	0.000	0.000	0.000
2118	10.58500	275.661	-438.188	400.360	0.000	0.000	0.000
2119	10.59000	275.720	-438.197	400.350	0.000	0.000	0.000
2120	10.59500	275.792	-438.201	400.345	0.000	0.000	0.000
2121	10.60000	275.832	-438.208	400.359	0.000	0.000	0.000
2122	10.60500	275.900	-438.213	400.384	0.000	0.000	0.000
2123	10.61000	275.955	-438.211	400.403	0.000	0.000	0.000
2124	10.61500	276.009	-438.218	400.422	0.000	0.000	0.000
2125	10.62000	276.090	-438.223	400.404	0.000	0.000	0.000
2126	10.62500	276.145	-438.216	400.423	0.000	0.000	0.000
2127	10.63000	276.194	-438.218	400.425	0.000	0.000	0.000
2128	10.63500	276.248	-438.211	400.444	0.000	0.000	0.000
2129	10.64000	276.307	-438.214	400.433	0.000	0.000	0.000
2130	10.64500	276.370	-438.208	400.440	0.000	0.000	0.000
2131	10.65000	276.434	-438.202	400.447	0.000	0.000	0.000
2132	10.65500	276.478	-438.199	400.431	0.000	0.000	0.000
2133	10.66000	276.537	-438.195	400.420	0.000	0.000	0.000
2134	10.66500	276.581	-438.207	400.405	0.000	0.000	0.000
2135	10.67000	276.641	-438.196	400.395	0.000	0.000	0.000
2136	10.67500	276.699	-438.200	400.385	0.000	0.000	0.000
2137	10.68000	276.753	-438.199	400.357	0.000	0.000	0.000
2138	10.68500	276.808	-438.190	400.376	0.000	0.000	0.000
2139	10.69000	276.857	-438.192	400.378	0.000	0.000	0.000
2140	10.69500	276.911	-438.192	400.397	0.000	0.000	0.000
2141	10.70000	276.970	-438.195	400.387	0.000	0.000	0.000
2142	10.70500	277.038	-438.188	400.411	0.000	0.000	0.000
2143	10.71000	277.096	-438.192	400.401	0.000	0.000	0.000
2144	10.71500	277.156	-438.176	400.436	0.000	0.000	0.000
2145	10.72000	277.214	-438.192	400.426	0.000	0.000	0.000
2146	10.72500	277.277	-438.181	400.433	0.000	0.000	0.000
2147	10.73000	277.332	-438.186	400.452	0.000	0.000	0.000
2148	10.73500	277.395	-438.181	400.459	0.000	0.000	0.000
2149	10.74000	277.453	-438.178	400.448	0.000	0.000	0.000
2150	10.74500	277.512	-438.174	400.438	0.000	0.000	0.000
2151	10.75000	277.557	-438.183	400.423	0.000	0.000	0.000
2152	10.75500	277.616	-438.174	400.412	0.000	0.000	0.000
2153	10.76000	277.670	-438.166	400.432	0.000	0.000	0.000
2154	10.76500	277.732	-438.189	400.392	0.000	0.000	0.000
2155	10.77000	277.781	-438.196	400.394	0.000	0.000	0.000
2156	10.77500	277.854	-438.191	400.388	0.000	0.000	0.000
2157	10.78000	277.903	-438.199	400.390	0.000	0.000	0.000
2158	10.78500	277.962	-438.196	400.380	0.000	0.000	0.000
2159	10.79000	278.016	-438.195	400.399	0.000	0.000	0.000
2160	10.79500	278.075	-438.193	400.389	0.000	0.000	0.000
2161	10.80000	278.134	-438.190	400.426	0.000	0.000	0.000
2162	10.80500	278.191	-438.195	400.415	0.000	0.000	0.000
2163	10.81000	278.255	-438.196	400.422	0.000	0.000	0.000
2164	10.81500	278.318	-438.190	400.428	0.000	0.000	0.000
2165	10.82000	278.365	-438.187	400.461	0.000	0.000	0.000
2166	10.82500	278.423	-438.184	400.450	0.000	0.000	0.000
2167	10.83000	278.490	-438.189	400.428	0.000	0.000	0.000
2168	10.83500	278.532	-438.181	400.442	0.000	0.000	0.000
2169	10.84000	278.599	-438.186	400.419	0.000	0.000	0.000
2170	10.84500	278.649	-438.180	400.421	0.000	0.000	0.000
2171	10.85000	278.698	-438.182	400.423	0.000	0.000	0.000
2172	10.85500	278.760	-438.190	400.383	0.000	0.000	0.000
2173	10.86000	278.805	-438.193	400.368	0.000	0.000	0.000
2174	10.86500	278.863	-438.197	400.358	0.000	0.000	0.000
2175	10.87000	278.912	-438.206	400.360	0.000	0.000	0.000
2176	10.87500	278.971	-438.202	400.350	0.000	0.000	0.000
2177	10.88000	279.034	-438.211	400.357	0.000	0.000	0.000
2178	10.88500	279.092	-438.207	400.346	0.000	0.000	0.000
2179	10.89000	279.151	-438.217	400.337	0.000	0.000	0.000
2180	10.89500	279.214	-438.227	400.391	0.000	0.000	0.000
2181	10.90000	279.277	-438.228	400.397	0.000	0.000	0.000
2182	10.90500	279.331	-438.227	400.417	0.000	0.000	0.000
2183	10.91000	279.400	-438.233	400.441	0.000	0.000	0.000
2184	10.91500	279.463	-438.233	400.448	0.000	0.000	0.000
2185	10.92000	279.521	-438.224	400.437	0.000	0.000	0.000
2186	10.92500	279.576	-438.229	400.457	0.000	0.000	0.000
2187	10.93000	279.639	-438.217	400.464	0.000	0.000	0.000
2188	10.93500	279.689	-438.210	400.419	0.000	0.000	0.000
2189	10.94000	279.734	-438.207	400.404	0.000	0.000	0.000
2190	10.94500	279.788	-438.197	400.376	0.000	0.000	0.000
2191	10.95000	279.837	-438.207	400.378	0.000	0.000	0.000
2192	10.95500	279.891	-438.206	400.351	0.000	0.000	0.000
2193	10.96000	279.954	-438.213	400.311	0.000	0.000	0.000
2194	10.96500	280.003	-438.214	400.313	0.000	0.000	0.000
2195	10.97000	280.067	-438.209	400.320	0.000	0.000	0.000
2196	10.97500	280.116	-438.211	400.323	0.000	0.000	0.000
2197	10.98000	280.170	-438.216	400.295	0.000	0.000	0.000
2198	10.98500	280.229	-438.209	400.331	0.000	0.000	0.000
2199	10.99000	280.274	-438.204	400.316	0.000	0.000	0.000
2200	10.99500	280.333	-438.195	400.353	0.000	0.000	0.000
2201	11.00000	280.392	-438.129	400.325	0.000	0.000	0.000
2202	11.00500	280.447	-438.119	400.345	0.000	0.000	0.000
2203	11.01000	280.510	-438.115	400.352	0.000	0.000	0.000
2204	11.01500	280.569	-438.124	400.342	0.000	0.000	0.000
2205	11.02000	280.623	-438.123	400.361	0.000	0.000	0.000
2206	11.02500	280.673	-438.110	400.363	0.000	0.000	0.000
2207	11.03000	280.740	-438.117	400.340	0.000	0.000	0.000
2208	11.03500	280.790	-438.116	400.343	0.000	0.000	0.000
2209	11.04000	280.839	-438.112	400.344	0.000	0.000	0.000
2210	11.04500	280.902	-438.111	400.304	0.000	0.000	0.000
2211	11.05000	280.957	-438.103	400.324	0.000	0.000	0.000
2212	11.05500	281.001	-438.186	400.326	0.000	0.000	0.000
2213	11.06000	281.050	-438.123	400.264	0.000	0.000	0.000
2214	11.06500	281.122	-438.198	400.323	0.000	0.000	0.000
2215	11.07000	281.159	-438.121	400.303	0.000	0.000	0.000
2216	11.07500	281.212	-438.128	400.276	0.000	0.000	0.000
2217	11.08000	281.266	-438.127	400.295	0.000	0.000	0.000
2218	11.08500	281.334	-438.127	400.320	0.000	0.000	0.000
2219	11.09000	281.388	-438.204	400.357	0.000	0.000	0.000
2220	11.09500	281.447	-438.131	400.329	0.000	0.000	0.000
2221	11.10000	281.501	-438.130	400.348	0.000	0.000	0.000
2222	11.10500	281.556	-438.128	400.368	0.000	0.000	0.000
2223	11.11000	281.620	-438.122	400.375	0.000	0.000	0.000
2224	11.11500	281.669	-438.125	400.377	0.000	0.000	0.000
2225	11.12000	281.722	-438.136	400.350	0.000	0.000	0.000
2226	11.12500	281.787	-438.122	400.404	0.000	0.000	0.000
2227	11.13000	281.827	-438.129	400.372	0.000	0.000	0.000
2228	11.13500	281.875	-438.144	400.327	0.000	0.000	0.000
2229	11.14000	281.929	-438.129	400.346	0.000	0.000	0.000
2230	11.14500	281.988	-438.133	400.336	0.000	0.000	0.000
2231	11.15000	282.037	-438.135	400.338	0.000	0.000	0.000
2232	11.15500	282.082	-438.144	400.324	0.000	0.000	0.000
2233	11.16000	282.132	-438.139	400.325	0.000	0.000	0.000
2234	11.16500	282.199	-438.145	400.303	0.000	0.000	0.000
2235	11.17000	282.254	-438.143	400.323	0.000	0.000	0.000
2236	11.17500	282.306	-438.151	400.295	0.000	0.000	0.000
2237	11.18000	282.348	-438.143	400.310	0.000	0.000	0.000
2238	11.18500	282.411	-438.152	400.318	0.000	0.000	0.000
2239	11.19000	282.465	-438.151	400.337	0.000	0.000	0.000
2240	11.19500	282.538	-438.140	400.378	0.000	0.000	0.000
2241	11.20000	282.594	-438.126	400.398	0.000	0.000	0.000
2242	11.20500	282.657	-438.127	400.405	0.000	0.000	0.000
2243	11.21000	282.698	-438.126	400.420	0.000	0.000	0.000
2244	11.21500	282.761	-438.120	400.427	0.000	0.000	0.000
2245	11.22000	282.820	-438.116	400.417	0.000	0.000	0.000
2246	11.22500	282.870	-438.105	400.419	0.000	0.000	0.000
2247	11.23000	282.914	-438.108	400.404	0.000	0.000	0.000
2248	11.23500	282.964	-438.096	400.405	0.000	0.000	0.000
2249	11.24000	283.022	-438.099	400.395	0.000	0.000	0.000
2250	11.24500	283.076	-438.098	400.368	0.000	0.000	0.000
2251	11.25000	283.112	-438.100	400.365	0.000	0.000	0.000
2252	11.25500	283.175	-438.095	400.372	0.000	0.000	0.000
2253	11.26000	283.220	-438.104	400.357	0.000	0.000	0.000
2254	11.26500	283.264	-438.115	400.343	0.000	0.000	0.000
2255	11.27000	283.323	-438.114	400.332	0.000	0.000	0.000
2256	11.27500	283.378	-438.112	400.352	0.000	0.000	0.000
2257	11.28000	283.423	-438.108	400.337	0.000	0.000	0.000
2258	11.28500	283.481	-438.118	400.328	0.000	0.000	0.000
2259	11.29000	283.536	-438.118	400.347	0.000	0.000	0.000
2260	11.29500	283.599	-438.112	400.354	0.000	0.000	0.000
2261	11.30000	283.653	-438.111	400.374	0.000	0.000	0.000
2262	11.30500	283.703	-438.120	400.377	0.000	0.000	0.000
2263	11.31000	283.771	-438.112	400.401	0.000	0.000	0.000
2264	11.31500	283.830	-438.108	400.391	0.000	0.000	0.000
2265	11.32000	283.879	-438.117	400.393	0.000	0.000	0.000
2266	11.32500	283.929	-438.105	400.396	0.000	0.000	0.000
2267	11.33000	283.978	-438.112	400.398	0.000	0.000	0.000
2268	11.33500	284.045	-438.113	400.375	0.000	0.000	0.000
2269	11.34000	284.086	-438.117	400.390	0.000	0.000	0.000
2270	11.34500	284.135	-438.119	400.392	0.000	0.000	0.000
2271	11.35000	284.189	-438.131	400.365	0.000	0.000	0.000
2272	11.35500	284.247	-438.134	400.355	0.000	0.000	0.000
2273	11.36000	284.288	-438.134	400.370	0.000	0.000	0.000
2274	11.36500	284.341	-438.152	400.343	0.000	0.000	0.000
2275	11.37000	284.395	-438.159	400.362	0.000	0.000	0.000
2276	11.37500	284.440	-438.148	400.348	0.000	0.000	0.000
2277	11.38000	284.503	-438.163	400.355	0.000	0.000	0.000
2278	11.38500	284.562	-438.160	400.346	0.000	0.000	0.000
2279	11.39000	284.602	-438.166	400.360	0.000	0.000	0.000
2280	11.39500	284.679	-438.169	400.373	0.000	0.000	0.000
2281	11.40000	284.725	-438.159	400.405	0.000	0.000	0.000
2282	11.40500	284.788	-438.160	400.412	0.000	0.000	0.000
2283	11.41000	284.842	-438.159	400.432	0.000	0.000	0.000
2284	11.41500	284.896	-438.165	400.404	0.000	0.000	0.000
2285	11.42000	284.946	-438.160	400.453	0.000	0.000	0.000
2286	11.42500	285.014	-438.152	400.431	0.000	0.000	0.000
2287	11.43000	285.072	-438.156	400.421	0.000	0.000	0.000
2288	11.43500	285.108	-438.163	400.419	0.000	0.000	0.000
2289	11.44000	285.171	-438.157	400.425	0.000	0.000	0.000
2290	11.44500	285.216	-438.154	400.410	0.000	0.000	0.000
2291	11.45000	285.290	-438.135	400.452	0.000	0.000	0.000
2292	11.45500	285.328	-438.176	400.374	0.000	0.000	0.000
2293	11.46000	285.382	-438.175	400.393	0.000	0.000	0.000
2294	11.46500	285.426	-438.186	400.378	0.000	0.000	0.000
2295	11.47000	285.485	-438.190	400.369	0.000	0.000	0.000
2296	11.47500	285.534	-438.198	400.372	0.000	0.000	0.000
2297	11.48000	285.584	-438.192	400.374	0.000	0.000	0.000
2298	11.48500	285.647	-438.194	400.381	0.000	0.000	0.000
2299	11.49000	285.711	-438.188	400.389	0.000	0.000	0.000
2300	11.49500	285.770	-438.185	400.426	0.000	0.000	0.000
2301	11.50000	285.839	-438.164	400.450	0.000	0.000	0.000
2302	11.50500	285.898	-438.148	400.486	0.000	0.000	0.000
2303	11.51000	285.943	-438.150	400.472	0.000	0.000	0.000
2304	11.51500	285.987	-438.164	400.457	0.000	0.000	0.000
2305	11.52000	286.070	-438.140	400.486	0.000	0.000	0.000
2306	11.52500	286.119	-438.141	400.489	0.000	0.000	0.000
2307	11.53000	286.178	-438.132	400.478	0.000	0.000	0.000
2308	11.53500	286.232	-438.130	400.498	0.000	0.000	0.000
2309	11.54000	286.290	-438.133	400.488	0.000	0.000	0.000
2310	11.54500	286.340	-438.127	400.490	0.000	0.000	0.000
2311	11.55000	286.390	-438.129	400.493	0.000	0.000	0.000
2312	11.55500	286.440	-438.128	400.496	0.000	0.000	0.000
2313	11.56000	286.485	-438.126	400.480	0.000	0.000	0.000
2314	11.56500	286.549	-438.114	400.488	0.000	0.000	0.000
2315	11.57000	286.593	-438.117	400.473	0.000	0.000	0.000
2316	11.57500	286.644	-438.110	400.476	0.000	0.000	0.000
2317	11.58000	286.711	-438.116	400.454	0.000	0.000	0.000
2318	11.58500	286.757	-438.106	400.486	0.000	0.000	0.000
2319	11.59000	286.811	-438.100	400.505	0.000	0.000	0.000
2320	11.59500	286.883	-438.104	400.501	0.000	0.000	0.000
2321	11.60000	286.929	-438.088	400.532	0.000	0.000	0.000
2322	11.60500	286.987	-438.086	400.522	0.000	0.000	0.000
2323	11.61000	287.045	-438.079	400.511	0.000	0.000	0.000
2324	11.61500	287.099	-438.060	400.530	0.000	0.000	0.000
2325	11.62000	287.090	-438.017	400.587	0.000	0.000	0.000
2326	11.62500	287.198	-438.086	400.489	0.000	0.000	0.000
2327	11.63000	287.247	-438.100	400.493	0.000	0.000	0.000
2328	11.63500	287.302	-438.097	400.513	0.000	0.000	0.000
2329	11.64000	287.348	-438.093	400.498	0.000	0.000	0.000
2330	11.64500	287.400	-438.119	400.471	0.000	0.000	0.000
2331	11.65000	287.464	-438.118	400.479	0.000	0.000	0.000
2332	11.65500	287.508	-438.129	400.464	0.000	0.000	0.000
2333	11.66000	287.567	-438.133	400.454	0.000	0.000	0.000
2334	11.66500	287.616	-438.141	400.410	0.000	0.000	0.000
2335	11.67000	287.665	-438.142	400.412	0.000	0.000	0.000
2336	11.67500	287.729	-438.136	400.420	0.000	0.000	0.000
2337	11.68000	287.783	-438.128	400.440	0.000	0.000	0.000
2338	11.68500	287.841	-438.140	400.430	0.000	0.000	0.000
2339	11.69000	287.891	-438.128	400.432	0.000	0.000	0.000
2340	11.69500	287.946	-438.121	400.452	0.000	0.000	0.000
2341	11.70000	288.000	-438.113	400.472	0.000	0.000	0.000
2342	11.70500	288.045	-438.100	400.503	0.000	0.000	0.000
2343	11.71000	288.108	-438.084	400.509	0.000	0.000	0.000
2344	11.71500	288.163	-438.086	400.530	0.000	0.000	0.000
2345	11.72000	288.222	-438.089	400.521	0.000	0.000	0.000
2346	11.72500	288.272	-438.082	400.523	0.000	0.000	0.000
2347	11.73000	288.322	-438.082	400.526	0.000	0.000	0.000
2348	11.73500	288.381	-438.090	400.517	0.000	0.000	0.000
2349	11.74000	288.430	-438.086	400.519	0.000	0.000	0.000
2350	11.74500	288.480	-438.085	400.522	0.000	0.000	0.000
2351	11.75000	288.534	-438.084	400.495	0.000	0.000	0.000
2352	11.75500	288.579	-438.088	400.480	0.000	0.000	0.000
2353	11.76000	288.624	-438.084	400.465	0.000	0.000	0.000
2354	11.76500	288.673	-438.093	400.468	0.000	0.000	0.000
2355	11.77000	288.732	-438.096	400.458	0.000	0.000	0.000
2356	11.77500	288.781	-438.098	400.461	0.000	0.000	0.000
2357	11.78000	288.830	-438.100	400.416	0.000	0.000	0.000
2358	11.78500	288.884	-438.087	400.435	0.000	0.000	0.000
2359	11.79000	288.924	-438.058	400.448	0.000	0.000	0.000
2360	11.79500	288.920	-437.994	400.522	0.000	0.000	0.000
2361	11.80000	288.974	-437.988	400.541	0.000	0.000	0.000
2362	11.80500	289.046	-437.979	400.536	0.000	0.000	0.000
2363	11.81000	289.104	-437.983	400.526	0.000	0.000	0.000
2364	11.81500	289.163	-437.980	400.563	0.000	0.000	0.000
2365	11.82000	289.199	-437.987	400.562	0.000	0.000	0.000
2366	11.82500	289.255	-437.990	400.582	0.000	0.000	0.000
2367	11.83000	289.299	-437.994	400.568	0.000	0.000	0.000
2368	11.83500	289.427	-438.076	400.494	0.000	0.000	0.000
2369	11.84000	289.473	-438.078	400.480	0.000	0.000	0.000
2370	11.84500	289.504	-438.069	400.507	0.000	0.000	0.000
2371	11.85000	289.563	-438.078	400.450	0.000	0.000	0.000
2372	11.85500	289.612	-438.079	400.453	0.000	0.000	0.000
2373	11.86000	289.653	-438.078	400.421	0.000	0.000	0.000
2374	11.86500	289.710	-438.088	400.411	0.000	0.000	0.000
2375	11.87000	289.755	-438.094	400.443	0.000	0.000	0.000
2376	11.87500	289.809	-438.088	400.462	0.000	0.000	0.000
2377	11.88000	289.817	-438.069	400.495	0.000	0.000	0.000
2378	11.88500	289.902	-438.071	400.449	0.000	0.000	0.000
2379	11.89000	289.906	-438.018	400.510	0.000	0.000	0.000
2380	11.89500	289.954	-438.021	400.512	0.000	0.000	0.000
2381	11.90000	290.004	-438.034	400.515	0.000	0.000	0.000
2382	11.90500	290.068	-438.029	400.523	0.000	0.000	0.000
2383	11.91000	290.150	-438.078	400.510	0.000	0.000	0.000
2384	11.91500	290.241	-438.109	400.482	0.000	0.000	0.000
2385	11.92000	290.286	-438.111	400.468	0.000	0.000	0.000
2386	11.92500	290.345	-438.102	400.505	0.000	0.000	0.000
2387	11.93000	290.395	-438.110	400.508	0.000	0.000	0.000
2388	11.93500	290.440	-438.118	400.493	0.000	0.000	0.000
2389	11.94000	290.494	-438.118	400.514	0.000	0.000	0.000
2390	11.94500	290.538	-438.128	400.499	0.000	0.000	0.000
2391	11.95000	290.580	-438.112	400.514	0.000	0.000	0.000
2392	11.95500	290.642	-438.127	400.474	0.000	0.000	0.000
2393	11.96000	290.678	-438.122	400.472	0.000	0.000	0.000
2394	11.96500	290.723	-438.113	400.457	0.000	0.000	0.000
2395	11.97000	290.777	-438.118	400.430	0.000	0.000	0.000
2396	11.97500	290.822	-438.122	400.415	0.000	0.000	0.000
2397	11.98000	290.876	-438.128	400.388	0.000	0.000	0.000
2398	11.98500	290.930	-438.127	400.408	0.000	0.000	0.000
2399	11.99000	290.975	-438.131	400.394	0.000	0.000	0.000
2400	11.99500	291.024	-438.132	400.396	0.000	0.000	0.000
