FILE_VERSION	2.0.0
NO_OF_FRAMES	2400
NO_OF_CAMERAS	2
NO_OF_MARKERS	2
FREQUENCY	200
DESCRIPTION	--
TIME_STAMP	2026-10-02, 20:10:57.679	25900.75135290
DATA_INCLUDED	3D
MARKER_NAMES	New 0000	New 0001
TRAJECTORY_TYPES	Mixed	Mixed
1	0.00000	0.000	0.000	0.000	0.000	0.000	0.000
2	0.00500	0.000	0.000	0.000	0.000	0.000	0.000
3	0.01000	0.000	0.000	0.000	0.000	0.000	0.000
4	0.01500	0.000	0.000	0.000	0.000	0.000	0.000
5	0.02000	0.000	0.000	0.000	0.000	0.000	0.000
6	0.02500	0.000	0.000	0.000	0.000	0.000	0.000
7	0.03000	0.000	0.000	0.000	0.000	0.000	0.000
8	0.03500	0.000	0.000	0.000	0.000	0.000	0.000
9	0.04000	0.000	0.000	0.000	0.000	0.000	0.000
10	0.04500	0.000	0.000	0.000	0.000	0.000	0.000
11	0.05000	0.000	0.000	0.000	0.000	0.000	0.000
12	0.05500	0.000	0.000	0.000	0.000	0.000	0.000
13	0.06000	0.000	0.000	0.000	0.000	0.000	0.000
14	0.06500	0.000	0.000	0.000	0.000	0.000	0.000
15	0.07000	0.000	0.000	0.000	0.000	0.000	0.000
16	0.07500	0.000	0.000	0.000	0.000	0.000	0.000
17	0.08000	0.000	0.000	0.000	0.000	0.000	0.000
18	0.08500	0.000	0.000	0.000	0.000	0.000	0.000
19	0.09000	0.000	0.000	0.000	0.000	0.000	0.000
20	0.09500	0.000	0.000	0.000	0.000	0.000	0.000
21	0.10000	0.000	0.000	0.000	0.000	0.000	0.000
22	0.10500	0.000	0.000	0.000	0.000	0.000	0.000
23	0.11000	0.000	0.000	0.000	0.000	0.000	0.000
24	0.11500	0.000	0.000	0.000	0.000	0.000	0.000
25	0.12000	0.000	0.000	0.000	0.000	0.000	0.000
26	0.12500	0.000	0.000	0.000	0.000	0.000	0.000
27	0.13000	0.000	0.000	0.000	0.000	0.000	0.000
28	0.13500	0.000	0.000	0.000	0.000	0.000	0.000
29	0.14000	0.000	0.000	0.000	0.000	0.000	0.000
30	0.14500	0.000	0.000	0.000	0.000	0.000	0.000
31	0.15000	0.000	0.000	0.000	0.000	0.000	0.000
32	0.15500	0.000	0.000	0.000	0.000	0.000	0.000
33	0.16000	0.000	0.000	0.000	0.000	0.000	0.000
34	0.16500	0.000	0.000	0.000	0.000	0.000	0.000
35	0.17000	0.000	0.000	0.000	0.000	0.000	0.000
36	0.17500	0.000	0.000	0.000	0.000	0.000	0.000
37	0.18000	0.000	0.000	0.000	0.000	0.000	0.000
38	0.18500	0.000	0.000	0.000	0.000	0.000	0.000
39	0.19000	0.000	0.000	0.000	0.000	0.000	0.000
40	0.19500	0.000	0.000	0.000	0.000	0.000	0.000
41	0.20000	0.000	0.000	0.000	0.000	0.000	0.000
42	0.20500	0.000	0.000	0.000	0.000	0.000	0.000
43	0.21000	0.000	0.000	0.000	0.000	0.000	0.000
44	0.21500	0.000	0.000	0.000	0.000	0.000	0.000
45	0.22000	0.000	0.000	0.000	0.000	0.000	0.000
46	0.22500	0.000	0.000	0.000	0.000	0.000	0.000
47	0.23000	0.000	0.000	0.000	0.000	0.000	0.000
48	0.23500	0.000	0.000	0.000	0.000	0.000	0.000
49	0.24000	0.000	0.000	0.000	0.000	0.000	0.000
50	0.24500	0.000	0.000	0.000	0.000	0.000	0.000
51	0.25000	0.000	0.000	0.000	0.000	0.000	0.000
52	0.25500	0.000	0.000	0.000	0.000	0.000	0.000
53	0.26000	0.000	0.000	0.000	0.000	0.000	0.000
54	0.26500	0.000	0.000	0.000	0.000	0.000	0.000
55	0.27000	0.000	0.000	0.000	0.000	0.000	0.000
56	0.27500	0.000	0.000	0.000	0.000	0.000	0.000
57	0.28000	0.000	0.000	0.000	0.000	0.000	0.000
58	0.28500	0.000	0.000	0.000	0.000	0.000	0.000
59	0.29000	0.000	0.000	0.000	0.000	0.000	0.000
60	0.29500	0.000	0.000	0.000	0.000	0.000	0.000
61	0.30000	0.000	0.000	0.000	0.000	0.000	0.000
62	0.30500	0.000	0.000	0.000	0.000	0.000	0.000
63	0.31000	0.000	0.000	0.000	0.000	0.000	0.000
64	0.31500	0.000	0.000	0.000	0.000	0.000	0.000
65	0.32000	0.000	0.000	0.000	0.000	0.000	0.000
66	0.32500	0.000	0.000	0.000	0.000	0.000	0.000
67	0.33000	0.000	0.000	0.000	0.000	0.000	0.000
68	0.33500	0.000	0.000	0.000	0.000	0.000	0.000
69	0.34000	0.000	0.000	0.000	0.000	0.000	0.000
70	0.34500	0.000	0.000	0.000	0.000	0.000	0.000
71	0.35000	0.000	0.000	0.000	0.000	0.000	0.000
72	0.35500	0.000	0.000	0.000	0.000	0.000	0.000
73	0.36000	0.000	0.000	0.000	0.000	0.000	0.000
74	0.36500	0.000	0.000	0.000	0.000	0.000	0.000
75	0.37000	0.000	0.000	0.000	0.000	0.000	0.000
76	0.37500	0.000	0.000	0.000	0.000	0.000	0.000
77	0.38000	0.000	0.000	0.000	0.000	0.000	0.000
78	0.38500	0.000	0.000	0.000	0.000	0.000	0.000
79	0.39000	0.000	0.000	0.000	0.000	0.000	0.000
80	0.39500	0.000	0.000	0.000	0.000	0.000	0.000
81	0.40000	0.000	0.000	0.000	0.000	0.000	0.000
82	0.40500	0.000	0.000	0.000	0.000	0.000	0.000
83	0.41000	0.000	0.000	0.000	0.000	0.000	0.000
84	0.41500	0.000	0.000	0.000	0.000	0.000	0.000
85	0.42000	0.000	0.000	0.000	0.000	0.000	0.000
86	0.42500	0.000	0.000	0.000	0.000	0.000	0.000
87	0.43000	0.000	0.000	0.000	0.000	0.000	0.000
88	0.43500	0.000	0.000	0.000	0.000	0.000	0.000
89	0.44000	0.000	0.000	0.000	0.000	0.000	0.000
90	0.44500	0.000	0.000	0.000	0.000	0.000	0.000
91	0.45000	0.000	0.000	0.000	0.000	0.000	0.000
92	0.45500	0.000	0.000	0.000	0.000	0.000	0.000
93	0.46000	0.000	0.000	0.000	0.000	0.000	0.000
94	0.46500	0.000	0.000	0.000	0.000	0.000	0.000
95	0.47000	0.000	0.000	0.000	0.000	0.000	0.000
96	0.47500	0.000	0.000	0.000	0.000	0.000	0.000
97	0.48000	0.000	0.000	0.000	0.000	0.000	0.000
98	0.48500	0.000	0.000	0.000	0.000	0.000	0.000
99	0.49000	0.000	0.000	0.000	0.000	0.000	0.000
100	0.49500	0.000	0.000	0.000	0.000	0.000	0.000
101	0.50000	0.000	0.000	0.000	0.000	0.000	0.000
102	0.50500	0.000	0.000	0.000	0.000	0.000	0.000
103	0.51000	0.000	0.000	0.000	0.000	0.000	0.000
104	0.51500	0.000	0.000	0.000	0.000	0.000	0.000
105	0.52000	0.000	0.000	0.000	0.000	0.000	0.000
106	0.52500	0.000	0.000	0.000	0.000	0.000	0.000
107	0.53000	0.000	0.000	0.000	0.000	0.000	0.000
108	0.53500	0.000	0.000	0.000	0.000	0.000	0.000
109	0.54000	0.000	0.000	0.000	0.000	0.000	0.000
110	0.54500	0.000	0.000	0.000	0.000	0.000	0.000
111	0.55000	0.000	0.000	0.000	0.000	0.000	0.000
112	0.55500	0.000	0.000	0.000	0.000	0.000	0.000
113	0.56000	0.000	0.000	0.000	0.000	0.000	0.000
114	0.56500	0.000	0.000	0.000	0.000	0.000	0.000
115	0.57000	0.000	0.000	0.000	0.000	0.000	0.000
116	0.57500	0.000	0.000	0.000	0.000	0.000	0.000
117	0.58000	0.000	0.000	0.000	0.000	0.000	0.000
118	0.58500	0.000	0.000	0.000	0.000	0.000	0.000
119	0.59000	0.000	0.000	0.000	0.000	0.000	0.000
120	0.59500	0.000	0.000	0.000	0.000	0.000	0.000
121	0.60000	0.000	0.000	0.000	0.000	0.000	0.000
122	0.60500	0.000	0.000	0.000	0.000	0.000	0.000
123	0.61000	0.000	0.000	0.000	0.000	0.000	0.000
124	0.61500	0.000	0.000	0.000	0.000	0.000	0.000
125	0.62000	0.000	0.000	0.000	0.000	0.000	0.000
126	0.62500	0.000	0.000	0.000	0.000	0.000	0.000
127	0.63000	0.000	0.000	0.000	0.000	0.000	0.000
128	0.63500	0.000	0.000	0.000	0.000	0.000	0.000
129	0.64000	0.000	0.000	0.000	0.000	0.000	0.000
130	0.64500	0.000	0.000	0.000	0.000	0.000	0.000
131	0.65000	0.000	0.000	0.000	0.000	0.000	0.000
132	0.65500	0.000	0.000	0.000	0.000	0.000	0.000
133	0.66000	0.000	0.000	0.000	0.000	0.000	0.000
134	0.66500	0.000	0.000	0.000	0.000	0.000	0.000
135	0.67000	0.000	0.000	0.000	0.000	0.000	0.000
136	0.67500	0.000	0.000	0.000	0.000	0.000	0.000
137	0.68000	0.000	0.000	0.000	0.000	0.000	0.000
138	0.68500	0.000	0.000	0.000	0.000	0.000	0.000
139	0.69000	0.000	0.000	0.000	0.000	0.000	0.000
140	0.69500	0.000	0.000	0.000	0.000	0.000	0.000
141	0.70000	0.000	0.000	0.000	0.000	0.000	0.000
142	0.70500	0.000	0.000	0.000	0.000	0.000	0.000
143	0.71000	0.000	0.000	0.000	0.000	0.000	0.000
144	0.71500	0.000	0.000	0.000	0.000	0.000	0.000
145	0.72000	0.000	0.000	0.000	0.000	0.000	0.000
146	0.72500	0.000	0.000	0.000	0.000	0.000	0.000
147	0.73000	0.000	0.000	0.000	0.000	0.000	0.000
148	0.73500	0.000	0.000	0.000	0.000	0.000	0.000
149	0.74000	0.000	0.000	0.000	0.000	0.000	0.000
150	0.74500	0.000	0.000	0.000	0.000	0.000	0.000
151	0.75000	0.000	0.000	0.000	0.000	0.000	0.000
152	0.75500	0.000	0.000	0.000	0.000	0.000	0.000
153	0.76000	0.000	0.000	0.000	0.000	0.000	0.000
154	0.76500	0.000	0.000	0.000	0.000	0.000	0.000
155	0.77000	0.000	0.000	0.000	0.000	0.000	0.000
156	0.77500	0.000	0.000	0.000	0.000	0.000	0.000
157	0.78000	0.000	0.000	0.000	0.000	0.000	0.000
158	0.78500	0.000	0.000	0.000	0.000	0.000	0.000
159	0.79000	0.000	0.000	0.000	0.000	0.000	0.000
160	0.79500	0.000	0.000	0.000	0.000	0.000	0.000
161	0.80000	0.000	0.000	0.000	0.000	0.000	0.000
162	0.80500	0.000	0.000	0.000	0.000	0.000	0.000
163	0.81000	0.000	0.000	0.000	0.000	0.000	0.000
164	0.81500	0.000	0.000	0.000	0.000	0.000	0.000
165	0.82000	0.000	0.000	0.000	0.000	0.000	0.000
166	0.82500	0.000	0.000	0.000	0.000	0.000	0.000
167	0.83000	0.000	0.000	0.000	0.000	0.000	0.000
168	0.83500	0.000	0.000	0.000	0.000	0.000	0.000
169	0.84000	0.000	0.000	0.000	0.000	0.000	0.000
170	0.84500	0.000	0.000	0.000	0.000	0.000	0.000
171	0.85000	0.000	0.000	0.000	0.000	0.000	0.000
172	0.85500	0.000	0.000	0.000	0.000	0.000	0.000
173	0.86000	0.000	0.000	0.000	0.000	0.000	0.000
174	0.86500	0.000	0.000	0.000	0.000	0.000	0.000
175	0.87000	0.000	0.000	0.000	0.000	0.000	0.000
176	0.87500	0.000	0.000	0.000	0.000	0.000	0.000
177	0.88000	0.000	0.000	0.000	0.000	0.000	0.000
178	0.88500	0.000	0.000	0.000	0.000	0.000	0.000
179	0.89000	0.000	0.000	0.000	0.000	0.000	0.000
180	0.89500	0.000	0.000	0.000	0.000	0.000	0.000
181	0.90000	0.000	0.000	0.000	0.000	0.000	0.000
182	0.90500	0.000	0.000	0.000	0.000	0.000	0.000
183	0.91000	0.000	0.000	0.000	0.000	0.000	0.000
184	0.91500	0.000	0.000	0.000	0.000	0.000	0.000
185	0.92000	0.000	0.000	0.000	0.000	0.000	0.000
186	0.92500	0.000	0.000	0.000	0.000	0.000	0.000
187	0.93000	0.000	0.000	0.000	0.000	0.000	0.000
188	0.93500	0.000	0.000	0.000	0.000	0.000	0.000
189	0.94000	0.000	0.000	0.000	0.000	0.000	0.000
190	0.94500	0.000	0.000	0.000	0.000	0.000	0.000
191	0.95000	0.000	0.000	0.000	0.000	0.000	0.000
192	0.95500	0.000	0.000	0.000	0.000	0.000	0.000
193	0.96000	0.000	0.000	0.000	0.000	0.000	0.000
194	0.96500	0.000	0.000	0.000	0.000	0.000	0.000
195	0.97000	0.000	0.000	0.000	0.000	0.000	0.000
196	0.97500	0.000	0.000	0.000	0.000	0.000	0.000
197	0.98000	0.000	0.000	0.000	0.000	0.000	0.000
198	0.98500	0.000	0.000	0.000	0.000	0.000	0.000
199	0.99000	0.000	0.000	0.000	0.000	0.000	0.000
200	0.99500	0.000	0.000	0.000	0.000	0.000	0.000
201	1.00000	0.000	0.000	0.000	0.000	0.000	0.000
202	1.00500	0.000	0.000	0.000	0.000	0.000	0.000
203	1.01000	0.000	0.000	0.000	0.000	0.000	0.000
204	1.01500	0.000	0.000	0.000	0.000	0.000	0.000
205	1.02000	0.000	0.000	0.000	0.000	0.000	0.000
206	1.02500	0.000	0.000	0.000	0.000	0.000	0.000
207	1.03000	0.000	0.000	0.000	0.000	0.000	0.000
208	1.03500	0.000	0.000	0.000	0.000	0.000	0.000
209	1.04000	0.000	0.000	0.000	0.000	0.000	0.000
210	1.04500	0.000	0.000	0.000	0.000	0.000	0.000
211	1.05000	0.000	0.000	0.000	0.000	0.000	0.000
212	1.05500	0.000	0.000	0.000	0.000	0.000	0.000
213	1.06000	0.000	0.000	0.000	0.000	0.000	0.000
214	1.06500	0.000	0.000	0.000	0.000	0.000	0.000
215	1.07000	0.000	0.000	0.000	0.000	0.000	0.000
216	1.07500	0.000	0.000	0.000	0.000	0.000	0.000
217	1.08000	0.000	0.000	0.000	0.000	0.000	0.000
218	1.08500	0.000	0.000	0.000	0.000	0.000	0.000
219	1.09000	0.000	0.000	0.000	0.000	0.000	0.000
220	1.09500	0.000	0.000	0.000	0.000	0.000	0.000
221	1.10000	0.000	0.000	0.000	0.000	0.000	0.000
222	1.10500	0.000	0.000	0.000	0.000	0.000	0.000
223	1.11000	0.000	0.000	0.000	0.000	0.000	0.000
224	1.11500	0.000	0.000	0.000	0.000	0.000	0.000
225	1.12000	0.000	0.000	0.000	0.000	0.000	0.000
226	1.12500	0.000	0.000	0.000	0.000	0.000	0.000
227	1.13000	0.000	0.000	0.000	0.000	0.000	0.000
228	1.13500	0.000	0.000	0.000	0.000	0.000	0.000
229	1.14000	0.000	0.000	0.000	0.000	0.000	0.000
230	1.14500	0.000	0.000	0.000	0.000	0.000	0.000
231	1.15000	0.000	0.000	0.000	0.000	0.000	0.000
232	1.15500	0.000	0.000	0.000	0.000	0.000	0.000
233	1.16000	0.000	0.000	0.000	0.000	0.000	0.000
234	1.16500	0.000	0.000	0.000	0.000	0.000	0.000
235	1.17000	0.000	0.000	0.000	0.000	0.000	0.000
236	1.17500	0.000	0.000	0.000	0.000	0.000	0.000
237	1.18000	0.000	0.000	0.000	0.000	0.000	0.000
238	1.18500	0.000	0.000	0.000	0.000	0.000	0.000
239	1.19000	0.000	0.000	0.000	0.000	0.000	0.000
240	1.19500	0.000	0.000	0.000	0.000	0.000	0.000
241	1.20000	0.000	0.000	0.000	0.000	0.000	0.000
242	1.20500	0.000	0.000	0.000	0.000	0.000	0.000
243	1.21000	0.000	0.000	0.000	0.000	0.000	0.000
244	1.21500	0.000	0.000	0.000	0.000	0.000	0.000
245	1.22000	0.000	0.000	0.000	0.000	0.000	0.000
246	1.22500	0.000	0.000	0.000	0.000	0.000	0.000
247	1.23000	0.000	0.000	0.000	0.000	0.000	0.000
248	1.23500	0.000	0.000	0.000	0.000	0.000	0.000
249	1.24000	0.000	0.000	0.000	0.000	0.000	0.000
250	1.24500	0.000	0.000	0.000	0.000	0.000	0.000
251	1.25000	0.000	0.000	0.000	0.000	0.000	0.000
252	1.25500	0.000	0.000	0.000	0.000	0.000	0.000
253	1.26000	0.000	0.000	0.000	0.000	0.000	0.000
254	1.26500	0.000	0.000	0.000	0.000	0.000	0.000
255	1.27000	0.000	0.000	0.000	0.000	0.000	0.000
256	1.27500	0.000	0.000	0.000	0.000	0.000	0.000
257	1.28000	0.000	0.000	0.000	0.000	0.000	0.000
258	1.28500	0.000	0.000	0.000	0.000	0.000	0.000
259	1.29000	0.000	0.000	0.000	0.000	0.000	0.000
260	1.29500	0.000	0.000	0.000	0.000	0.000	0.000
261	1.30000	0.000	0.000	0.000	0.000	0.000	0.000
262	1.30500	0.000	0.000	0.000	0.000	0.000	0.000
263	1.31000	0.000	0.000	0.000	0.000	0.000	0.000
264	1.31500	0.000	0.000	0.000	0.000	0.000	0.000
265	1.32000	0.000	0.000	0.000	0.000	0.000	0.000
266	1.32500	0.000	0.000	0.000	0.000	0.000	0.000
267	1.33000	0.000	0.000	0.000	0.000	0.000	0.000
268	1.33500	0.000	0.000	0.000	0.000	0.000	0.000
269	1.34000	0.000	0.000	0.000	0.000	0.000	0.000
270	1.34500	0.000	0.000	0.000	0.000	0.000	0.000
271	1.35000	0.000	0.000	0.000	0.000	0.000	0.000
272	1.35500	0.000	0.000	0.000	0.000	0.000	0.000
273	1.36000	0.000	0.000	0.000	0.000	0.000	0.000
274	1.36500	0.000	0.000	0.000	0.000	0.000	0.000
275	1.37000	0.000	0.000	0.000	0.000	0.000	0.000
276	1.37500	0.000	0.000	0.000	0.000	0.000	0.000
277	1.38000	0.000	0.000	0.000	0.000	0.000	0.000
278	1.38500	0.000	0.000	0.000	0.000	0.000	0.000
279	1.39000	0.000	0.000	0.000	0.000	0.000	0.000
280	1.39500	0.000	0.000	0.000	0.000	0.000	0.000
281	1.40000	0.000	0.000	0.000	0.000	0.000	0.000
282	1.40500	0.000	0.000	0.000	0.000	0.000	0.000
283	1.41000	0.000	0.000	0.000	0.000	0.000	0.000
284	1.41500	0.000	0.000	0.000	0.000	0.000	0.000
285	1.42000	0.000	0.000	0.000	0.000	0.000	0.000
286	1.42500	0.000	0.000	0.000	0.000	0.000	0.000
287	1.43000	0.000	0.000	0.000	0.000	0.000	0.000
288	1.43500	0.000	0.000	0.000	0.000	0.000	0.000
289	1.44000	0.000	0.000	0.000	0.000	0.000	0.000
290	1.44500	0.000	0.000	0.000	0.000	0.000	0.000
291	1.45000	0.000	0.000	0.000	0.000	0.000	0.000
292	1.45500	0.000	0.000	0.000	0.000	0.000	0.000
293	1.46000	0.000	0.000	0.000	0.000	0.000	0.000
294	1.46500	0.000	0.000	0.000	0.000	0.000	0.000
295	1.47000	0.000	0.000	0.000	0.000	0.000	0.000
296	1.47500	0.000	0.000	0.000	0.000	0.000	0.000
297	1.48000	0.000	0.000	0.000	0.000	0.000	0.000
298	1.48500	0.000	0.000	0.000	0.000	0.000	0.000
299	1.49000	0.000	0.000	0.000	0.000	0.000	0.000
300	1.49500	0.000	0.000	0.000	0.000	0.000	0.000
301	1.50000	0.000	0.000	0.000	0.000	0.000	0.000
302	1.50500	0.000	0.000	0.000	0.000	0.000	0.000
303	1.51000	0.000	0.000	0.000	0.000	0.000	0.000
304	1.51500	0.000	0.000	0.000	0.000	0.000	0.000
305	1.52000	0.000	0.000	0.000	0.000	0.000	0.000
306	1.52500	0.000	0.000	0.000	0.000	0.000	0.000
307	1.53000	0.000	0.000	0.000	0.000	0.000	0.000
308	1.53500	0.000	0.000	0.000	0.000	0.000	0.000
309	1.54000	0.000	0.000	0.000	0.000	0.000	0.000
310	1.54500	0.000	0.000	0.000	0.000	0.000	0.000
311	1.55000	0.000	0.000	0.000	0.000	0.000	0.000
312	1.55500	0.000	0.000	0.000	0.000	0.000	0.000
313	1.56000	0.000	0.000	0.000	0.000	0.000	0.000
314	1.56500	0.000	0.000	0.000	0.000	0.000	0.000
315	1.57000	0.000	0.000	0.000	0.000	0.000	0.000
316	1.57500	0.000	0.000	0.000	0.000	0.000	0.000
317	1.58000	0.000	0.000	0.000	0.000	0.000	0.000
318	1.58500	0.000	0.000	0.000	0.000	0.000	0.000
319	1.59000	0.000	0.000	0.000	0.000	0.000	0.000
320	1.59500	0.000	0.000	0.000	0.000	0.000	0.000
321	1.60000	0.000	0.000	0.000	0.000	0.000	0.000
322	1.60500	0.000	0.000	0.000	0.000	0.000	0.000
323	1.61000	0.000	0.000	0.000	0.000	0.000	0.000
324	1.61500	0.000	0.000	0.000	0.000	0.000	0.000
325	1.62000	0.000	0.000	0.000	0.000	0.000	0.000
326	1.62500	0.000	0.000	0.000	0.000	0.000	0.000
327	1.63000	0.000	0.000	0.000	0.000	0.000	0.000
328	1.63500	0.000	0.000	0.000	0.000	0.000	0.000
329	1.64000	0.000	0.000	0.000	0.000	0.000	0.000
330	1.64500	0.000	0.000	0.000	0.000	0.000	0.000
331	1.65000	0.000	0.000	0.000	0.000	0.000	0.000
332	1.65500	0.000	0.000	0.000	0.000	0.000	0.000
333	1.66000	0.000	0.000	0.000	0.000	0.000	0.000
334	1.66500	0.000	0.000	0.000	0.000	0.000	0.000
335	1.67000	0.000	0.000	0.000	0.000	0.000	0.000
336	1.67500	0.000	0.000	0.000	0.000	0.000	0.000
337	1.68000	0.000	0.000	0.000	0.000	0.000	0.000
338	1.68500	0.000	0.000	0.000	0.000	0.000	0.000
339	1.69000	0.000	0.000	0.000	0.000	0.000	0.000
340	1.69500	0.000	0.000	0.000	0.000	0.000	0.000
341	1.70000	-24.070	-440.850	397.941	0.000	0.000	0.000
342	1.70500	-23.466	-440.855	397.971	0.000	0.000	0.000
343	1.71000	-22.812	-440.851	398.041	0.000	0.000	0.000
344	1.71500	-22.278	-440.878	398.016	0.000	0.000	0.000
345	1.72000	-21.695	-440.885	398.033	0.000	0.000	0.000
346	1.72500	-21.082	-440.940	398.139	0.000	0.000	0.000
347	1.73000	-20.493	-440.994	398.088	0.000	0.000	0.000
348	1.73500	-19.897	-440.891	398.025	0.000	0.000	0.000
349	1.74000	-19.297	-440.856	398.067	0.000	0.000	0.000
350	1.74500	-18.680	-440.943	398.025	0.000	0.000	0.000
351	1.75000	-18.131	-440.970	397.973	0.000	0.000	0.000
352	1.75500	-17.525	-440.942	398.089	0.000	0.000	0.000
353	1.76000	-16.934	-440.963	398.150	0.000	0.000	0.000
354	1.76500	-16.413	-440.985	398.128	0.000	0.000	0.000
355	1.77000	-15.787	-440.976	398.204	0.000	0.000	0.000
356	1.77500	-15.177	-441.008	398.199	0.000	0.000	0.000
357	1.78000	-14.585	-441.027	398.030	0.000	0.000	0.000
358	1.78500	-13.976	-440.964	398.109	0.000	0.000	0.000
359	1.79000	-13.324	-440.936	398.160	0.000	0.000	0.000
360	1.79500	-12.781	-440.939	398.125	0.000	0.000	0.000
361	1.80000	-12.175	-440.889	398.216	0.000	0.000	0.000
362	1.80500	-11.575	-440.870	398.264	0.000	0.000	0.000
363	1.81000	-11.023	-440.726	398.131	0.000	0.000	0.000
364	1.81500	-10.411	-440.703	398.154	0.000	0.000	0.000
365	1.82000	-9.791	-440.712	398.192	0.000	0.000	0.000
366	1.82500	-9.229	-440.718	398.175	0.000	0.000	0.000
367	1.83000	-8.630	-440.727	398.171	0.000	0.000	0.000
368	1.83500	-8.038	-440.739	398.239	0.000	0.000	0.000
369	1.84000	-7.488	-440.761	398.193	0.000	0.000	0.000
370	1.84500	-6.923	-440.754	398.258	0.000	0.000	0.000
371	1.85000	-6.308	-440.752	398.367	0.000	0.000	0.000
372	1.85500	-5.702	-440.738	398.378	0.000	0.000	0.000
373	1.86000	-5.104	-440.751	398.322	0.000	0.000	0.000
374	1.86500	-4.458	-440.740	398.337	0.000	0.000	0.000
375	1.87000	-3.866	-440.726	398.350	0.000	0.000	0.000
376	1.87500	-3.280	-440.543	398.287	0.000	0.000	0.000
377	1.88000	-2.685	-440.504	398.241	0.000	0.000	0.000
378	1.88500	-2.107	-440.541	398.320	0.000	0.000	0.000
379	1.89000	-1.557	-440.549	398.306	0.000	0.000	0.000
380	1.89500	-0.922	-440.535	398.287	0.000	0.000	0.000
381	1.90000	-0.324	-440.608	398.353	0.000	0.000	0.000
382	1.90500	0.254	-440.634	398.286	0.000	0.000	0.000
383	1.91000	0.860	-440.653	398.304	0.000	0.000	0.000
384	1.91500	1.480	-440.673	398.322	0.000	0.000	0.000
385	1.92000	2.039	-440.704	398.240	0.000	0.000	0.000
386	1.92500	2.618	-440.702	398.340	0.000	0.000	0.000
387	1.93000	3.205	-440.697	398.427	0.000	0.000	0.000
388	1.93500	3.771	-440.735	398.387	0.000	0.000	0.000
389	1.94000	4.352	-440.748	398.487	0.000	0.000	0.000
390	1.94500	4.979	-440.753	398.550	0.000	0.000	0.000
391	1.95000	5.565	-440.777	398.444	0.000	0.000	0.000
392	1.95500	6.184	-440.853	398.475	0.000	0.000	0.000
393	1.96000	6.818	-440.857	398.497	0.000	0.000	0.000
394	1.96500	7.384	-440.824	398.423	0.000	0.000	0.000
395	1.97000	7.972	-440.811	398.484	0.000	0.000	0.000
396	1.97500	8.569	-440.641	398.503	0.000	0.000	0.000
397	1.98000	9.121	-440.649	398.439	0.000	0.000	0.000
398	1.98500	9.722	-440.656	398.447	0.000	0.000	0.000
399	1.99000	10.333	-440.676	398.550	0.000	0.000	0.000
400	1.99500	10.892	-440.719	398.473	0.000	0.000	0.000
401	2.00000	11.514	-440.767	398.442	0.000	0.000	0.000
402	2.00500	12.117	-440.766	398.534	0.000	0.000	0.000
403	2.01000	12.662	-440.800	398.458	0.000	0.000	0.000
404	2.01500	13.236	-440.802	398.522	0.000	0.000	0.000
405	2.02000	13.844	-440.795	398.629	0.000	0.000	0.000
406	2.02500	14.369	-440.818	398.567	0.000	0.000	0.000
407	2.03000	15.004	-440.820	398.594	0.000	0.000	0.000
408	2.03500	15.654	-440.789	398.677	0.000	0.000	0.000
409	2.04000	16.215	-440.735	398.593	0.000	0.000	0.000
410	2.04500	16.824	-440.699	398.645	0.000	0.000	0.000
411	2.05000	17.431	-440.496	398.627	0.000	0.000	0.000
412	2.05500	17.964	-440.504	398.552	0.000	0.000	0.000
413	2.06000	18.566	-440.473	398.619	0.000	0.000	0.000
414	2.06500	19.174	-440.465	398.675	0.000	0.000	0.000
415	2.07000	19.734	-440.502	398.549	0.000	0.000	0.000
416	2.07500	20.349	-440.496	398.592	0.000	0.000	0.000
417	2.08000	20.957	-440.492	398.621	0.000	0.000	0.000
418	2.08500	21.517	-440.521	398.523	0.000	0.000	0.000
419	2.09000	22.147	-440.503	398.623	0.000	0.000	0.000
420	2.09500	22.742	-440.491	398.679	0.000	0.000	0.000
421	2.10000	23.283	-440.496	398.705	0.000	0.000	0.000
422	2.10500	23.886	-440.478	398.832	0.000	0.000	0.000
423	2.11000	24.461	-440.491	398.847	0.000	0.000	0.000
424	2.11500	25.025	-440.361	398.722	0.000	0.000	0.000
425	2.12000	25.677	-440.350	398.756	0.000	0.000	0.000
426	2.12500	26.260	-440.366	398.702	0.000	0.000	0.000
427	2.13000	26.835	-440.392	398.635	0.000	0.000	0.000
428	2.13500	27.472	-440.367	398.753	0.000	0.000	0.000
429	2.14000	28.032	-440.391	398.714	0.000	0.000	0.000
430	2.14500	28.607	-440.408	398.676	0.000	0.000	0.000
431	2.15000	29.237	-440.405	398.782	0.000	0.000	0.000
432	2.15500	29.778	-440.435	398.729	0.000	0.000	0.000
433	2.16000	30.359	-440.458	398.707	0.000	0.000	0.000
434	2.16500	31.010	-440.467	398.774	0.000	0.000	0.000
435	2.17000	31.571	-440.511	398.682	0.000	0.000	0.000
436	2.17500	32.161	-440.524	398.702	0.000	0.000	0.000
437	2.18000	32.791	-440.538	398.783	0.000	0.000	0.000
438	2.18500	33.279	-440.596	398.754	0.000	0.000	0.000
439	2.19000	33.912	-440.638	398.805	0.000	0.000	0.000
440	2.19500	34.530	-440.640	398.912	0.000	0.000	0.000
441	2.20000	35.065	-440.688	398.819	0.000	0.000	0.000
442	2.20500	35.717	-440.685	398.888	0.000	0.000	0.000
443	2.21000	36.342	-440.693	398.899	927.330	-434.525	395.255
444	2.21500	36.895	-440.580	398.726	926.889	-434.524	395.272
445	2.22000	37.514	-440.541	398.833	926.400	-434.538	395.215
446	2.22500	38.104	-440.516	398.856	925.858	-434.474	395.204
447	2.23000	38.654	-440.527	398.792	925.347	-434.438	395.257
448	2.23500	39.292	-440.517	398.863	924.911	-434.462	395.065
449	2.24000	39.853	-440.526	398.859	924.332	-434.343	395.104
450	2.24500	40.423	-440.536	398.813	923.868	-434.322	395.165
451	2.25000	41.067	-440.523	398.844	923.324	-434.303	395.129
452	2.25500	41.623	-440.539	398.798	922.820	-434.236	395.089
453	2.26000	42.200	-440.533	398.795	922.304	-434.200	395.166
454	2.26500	42.818	-440.474	398.869	921.791	-434.194	395.220
455	2.27000	43.360	-440.465	398.878	921.321	-434.203	395.064
456	2.27500	43.957	-440.437	399.003	920.813	-434.170	395.092
457	2.28000	44.575	-440.425	399.088	920.286	-434.137	395.160
458	2.28500	45.103	-440.287	398.944	919.802	-434.171	395.014
459	2.29000	45.736	-440.251	398.974	919.311	-434.149	395.008
460	2.29500	46.369	-440.235	399.005	918.773	-434.152	395.128
461	2.30000	46.934	-440.254	398.892	918.286	-434.235	395.051
462	2.30500	47.539	-440.241	398.950	917.828	-434.177	394.931
463	2.31000	48.144	-440.240	398.981	917.330	-434.144	395.064
464	2.31500	48.674	-440.259	398.908	916.825	-434.186	395.132
465	2.32000	49.284	-440.243	399.011	916.467	-434.280	394.930
466	2.32500	49.867	-440.254	399.028	915.961	-434.301	395.002
467	2.33000	50.460	-440.277	398.948	915.357	-434.300	395.150
468	2.33500	51.070	-440.268	399.052	914.988	-434.586	394.798
469	2.34000	51.668	-440.293	399.016	914.495	-434.571	394.796
470	2.34500	52.259	-440.290	399.021	913.903	-434.580	394.944
471	2.35000	52.871	-440.180	399.075	913.429	-434.606	394.793
472	2.35500	53.390	-440.146	399.028	912.937	-434.597	394.788
473	2.36000	53.988	-440.134	399.103	912.393	-434.593	394.937
474	2.36500	54.586	-440.143	399.179	911.892	-434.648	394.918
475	2.37000	55.154	-440.146	399.098	911.407	-434.600	394.823
476	2.37500	55.789	-440.168	399.080	910.847	-434.599	394.941
477	2.38000	56.409	-440.175	399.090	910.328	-434.602	394.960
478	2.38500	56.995	-440.212	398.999	909.843	-434.616	394.753
479	2.39000	57.583	-440.246	399.075	909.302	-434.604	394.834
480	2.39500	58.191	-440.289	399.084	908.795	-434.665	394.908
481	2.40000	58.757	-440.324	399.034	908.292	-434.678	394.783
482	2.40500	59.348	-440.338	399.100	907.791	-434.711	394.830
483	2.41000	59.941	-440.366	399.109	907.280	-434.686	394.975
484	2.41500	60.520	-440.396	399.062	906.827	-434.734	394.937
485	2.42000	61.133	-440.404	399.116	906.377	-434.803	394.832
486	2.42500	61.725	-440.437	399.072	905.832	-434.731	394.984
487	2.43000	62.318	-440.438	399.054	905.318	-434.811	394.931
488	2.43500	62.936	-440.433	399.097	904.839	-434.952	394.693
489	2.44000	63.479	-440.437	399.118	904.257	-434.777	394.924
490	2.44500	64.085	-440.435	399.187	903.788	-434.958	394.810
491	2.45000	64.676	-440.313	399.288	903.328	-434.934	394.694
492	2.45500	65.223	-440.363	399.142	902.790	-434.727	394.866
493	2.46000	65.840	-440.315	399.223	902.285	-434.713	394.919
494	2.46500	66.469	-440.321	399.225	901.822	-434.892	394.713
495	2.47000	67.060	-440.317	399.110	901.320	-434.858	394.699
496	2.47500	67.666	-440.290	399.181	900.786	-434.857	394.798
497	2.48000	68.259	-440.290	399.195	900.308	-434.867	394.654
498	2.48500	68.827	-440.299	399.149	899.805	-434.819	394.641
499	2.49000	69.432	-440.291	399.222	899.265	-434.790	394.768
500	2.49500	69.991	-440.308	399.220	898.786	-434.818	394.691
501	2.50000	70.585	-440.318	399.207	898.289	-434.750	394.650
502	2.50500	71.212	-440.330	399.269	897.789	-434.713	394.745
503	2.51000	71.778	-440.348	399.227	897.277	-434.705	394.782
504	2.51500	72.392	-440.361	399.205	896.804	-434.699	394.677
505	2.52000	72.996	-440.339	399.308	896.316	-434.651	394.762
506	2.52500	73.570	-440.194	399.258	895.807	-434.642	394.841
507	2.53000	74.158	-440.114	399.285	895.335	-434.657	394.670
508	2.53500	74.727	-440.038	399.370	894.825	-434.586	394.642
509	2.54000	75.296	-440.037	399.300	894.295	-434.560	394.717
510	2.54500	75.939	-440.013	399.338	893.800	-434.621	394.543
511	2.55000	76.529	-440.027	399.257	893.292	-434.552	394.559
512	2.55500	77.109	-440.020	399.219	892.791	-434.528	394.655
513	2.56000	77.751	-440.029	399.287	892.291	-434.569	394.619
514	2.56500	78.298	-440.048	399.231	891.783	-434.526	394.569
515	2.57000	78.885	-440.050	399.265	891.273	-434.508	394.652
516	2.57500	79.526	-440.058	399.363	890.765	-434.572	394.664
517	2.58000	80.053	-440.083	399.291	890.285	-434.623	394.524
518	2.58500	80.688	-440.113	399.319	889.756	-434.572	394.581
519	2.59000	81.288	-440.114	399.385	889.277	-434.600	394.615
520	2.59500	81.862	-440.210	399.291	888.832	-434.901	394.348
521	2.60000	82.488	-440.052	399.321	888.309	-434.661	394.494
522	2.60500	83.055	-440.038	399.311	887.807	-434.680	394.592
523	2.61000	83.644	-440.049	399.320	887.374	-434.987	394.381
524	2.61500	84.262	-440.039	399.460	886.970	-434.941	394.336
525	2.62000	84.769	-440.042	399.430	886.360	-434.777	394.635
526	2.62500	85.398	-440.057	399.473	885.876	-434.928	394.580
527	2.63000	86.025	-440.057	399.517	885.415	-434.895	394.382
528	2.63500	86.579	-440.035	399.369	884.859	-434.917	394.482
529	2.64000	87.226	-440.080	399.415	884.366	-434.913	394.465
530	2.64500	87.822	-440.107	399.385	883.863	-434.887	394.324
531	2.65000	88.383	-440.189	399.349	883.347	-434.894	394.436
532	2.65500	89.027	-440.124	399.440	882.800	-434.956	394.542
533	2.66000	89.559	-440.221	399.402	882.348	-434.985	394.358
534	2.66500	90.147	-440.229	399.443	881.796	-434.914	394.481
535	2.67000	90.767	-440.233	399.559	881.277	-434.935	394.551
536	2.67500	91.331	-440.282	399.429	880.769	-434.976	394.437
537	2.68000	91.959	-440.286	399.505	880.250	-434.923	394.443
538	2.68500	92.553	-440.300	399.534	879.728	-434.945	394.537
539	2.69000	93.096	-440.324	399.472	879.236	-434.995	394.452
540	2.69500	93.704	-440.215	399.510	878.751	-434.953	394.385
541	2.70000	94.260	-440.182	399.532	878.228	-434.940	394.481
542	2.70500	94.834	-440.172	399.573	877.740	-434.982	394.437
543	2.71000	95.491	-440.142	399.654	877.282	-434.954	394.347
544	2.71500	96.058	-440.150	399.525	876.780	-434.916	394.449
545	2.72000	96.710	-440.127	399.535	876.278	-434.913	394.548
546	2.72500	97.335	-440.115	399.542	875.850	-435.166	394.292
547	2.73000	97.893	-440.118	399.455	875.315	-434.941	394.386
548	2.73500	98.506	-440.092	399.560	874.770	-434.927	394.480
549	2.74000	99.062	-440.095	399.531	874.284	-435.195	394.230
550	2.74500	99.651	-440.112	399.549	873.753	-434.957	394.366
551	2.75000	100.287	-440.110	399.617	873.229	-435.021	394.462
552	2.75500	100.831	-440.151	399.531	872.751	-435.163	394.298
553	2.76000	101.460	-440.141	399.585	872.273	-435.098	394.250
554	2.76500	102.046	-440.063	399.512	871.722	-434.963	394.507
555	2.77000	102.621	-440.033	399.456	871.248	-435.146	394.317
556	2.77500	103.270	-439.988	399.583	870.752	-435.067	394.240
557	2.78000	103.841	-439.963	399.557	870.223	-434.931	394.437
558	2.78500	104.394	-439.930	399.642	869.731	-435.081	394.284
559	2.79000	105.001	-439.911	399.737	869.240	-435.006	394.183
560	2.79500	105.545	-439.935	399.681	868.724	-435.015	394.297
561	2.80000	106.175	-439.928	399.710	868.239	-435.025	394.297
562	2.80500	106.790	-439.880	399.707	867.753	-434.975	394.169
563	2.81000	107.371	-439.904	399.587	867.276	-434.950	394.250
564	2.81500	108.014	-439.893	399.647	866.803	-434.928	394.307
565	2.82000	108.595	-439.837	399.599	866.326	-434.931	394.257
566	2.82500	109.184	-439.837	399.623	865.844	-434.884	394.236
567	2.83000	109.784	-439.834	399.706	865.292	-434.860	394.361
568	2.83500	110.341	-439.943	399.640	864.793	-434.885	394.244
569	2.84000	110.922	-439.903	399.643	864.301	-434.863	394.143
570	2.84500	111.541	-439.942	399.646	863.723	-434.837	394.293
571	2.85000	112.131	-439.943	399.570	863.231	-434.892	394.191
572	2.85500	112.760	-439.943	399.660	862.726	-434.902	394.168
573	2.86000	113.325	-439.969	399.626	862.218	-434.904	394.300
574	2.86500	113.914	-439.968	399.681	861.739	-434.965	394.252
575	2.87000	114.514	-439.966	399.796	861.262	-435.013	394.183
576	2.87500	115.057	-439.989	399.773	860.761	-434.982	394.202
577	2.88000	115.672	-439.979	399.862	860.265	-435.006	394.258
578	2.88500	116.292	-439.992	399.839	859.825	-435.272	393.971
579	2.89000	116.881	-440.016	399.739	859.265	-435.068	394.222
580	2.89500	117.513	-439.995	399.803	858.761	-435.090	394.263
581	2.90000	118.101	-440.002	399.731	858.337	-435.310	394.010
582	2.90500	118.699	-440.001	399.748	857.842	-435.352	394.064
583	2.91000	119.315	-439.982	399.810	857.287	-435.173	394.287
584	2.91500	119.867	-440.001	399.749	856.875	-435.326	394.092
585	2.92000	120.478	-439.996	399.797	856.382	-435.308	394.060
586	2.92500	121.069	-440.017	399.801	855.862	-435.264	394.205
587	2.93000	121.662	-440.030	399.776	855.363	-435.305	394.134
588	2.93500	122.286	-440.045	399.829	854.852	-435.265	394.075
589	2.94000	122.844	-439.928	399.718	854.405	-435.296	394.074
590	2.94500	123.435	-439.922	399.751	853.800	-435.365	394.100
591	2.95000	124.037	-439.903	399.842	853.301	-435.302	394.032
592	2.95500	124.588	-439.911	399.840	852.787	-435.311	394.129
593	2.96000	125.182	-439.883	399.945	852.287	-435.341	394.145
594	2.96500	125.783	-439.878	399.937	851.814	-435.303	394.054
595	2.97000	126.377	-439.884	399.915	851.296	-435.282	394.110
596	2.97500	127.025	-439.864	399.930	850.793	-435.279	394.152
597	2.98000	127.601	-439.882	399.834	850.418	-435.296	393.945
598	2.98500	128.229	-439.872	399.833	849.869	-435.239	393.986
599	2.99000	128.847	-439.863	399.873	849.336	-435.207	394.026
600	2.99500	129.414	-439.869	399.819	848.850	-435.408	393.872
601	3.00000	130.028	-439.835	399.917	848.420	-435.273	393.908
602	3.00500	130.597	-439.803	399.879	847.827	-435.188	394.048
603	3.01000	131.174	-439.726	399.793	847.337	-435.369	393.920
604	3.01500	131.814	-439.677	399.880	846.923	-435.244	393.920
605	3.02000	132.387	-439.768	399.802	846.448	-435.188	393.986
606	3.02500	133.007	-439.775	399.845	845.871	-435.167	394.088
607	3.03000	133.585	-439.795	399.854	845.393	-435.314	393.952
608	3.03500	134.143	-439.798	399.872	844.878	-435.064	394.061
609	3.04000	134.757	-439.785	400.002	844.256	-435.116	394.192
610	3.04500	135.296	-439.803	399.975	843.866	-435.099	393.936
611	3.05000	135.923	-439.780	400.035	843.334	-435.064	394.007
612	3.05500	136.530	-439.785	400.022	842.832	-435.071	394.029
613	3.06000	137.135	-439.795	399.936	842.438	-435.318	393.823
614	3.06500	137.774	-439.782	400.000	841.866	-435.081	394.040
615	3.07000	138.355	-439.805	399.955	841.382	-435.309	394.016
616	3.07500	138.950	-439.809	399.940	840.882	-435.264	393.951
617	3.08000	139.571	-439.806	400.060	840.395	-435.208	393.942
618	3.08500	140.121	-439.842	399.967	839.890	-435.245	393.987
619	3.09000	140.738	-439.832	400.044	839.409	-435.235	393.861
620	3.09500	141.339	-439.866	400.018	838.888	-435.209	393.858
621	3.10000	141.904	-439.781	399.907	838.378	-435.186	393.934
622	3.10500	142.537	-439.781	399.960	837.889	-435.198	393.858
623	3.11000	143.111	-439.758	399.884	837.406	-435.165	393.823
624	3.11500	143.728	-439.742	399.962	836.892	-435.206	393.955
625	3.12000	144.313	-439.752	399.992	836.320	-435.209	394.015
626	3.12500	144.857	-439.755	400.014	835.917	-435.196	393.937
627	3.13000	145.469	-439.738	400.180	835.400	-435.187	393.976
628	3.13500	146.031	-439.775	400.121	834.892	-435.240	394.028
629	3.14000	146.655	-439.775	400.116	834.376	-435.266	393.912
630	3.14500	147.289	-439.775	400.143	833.819	-435.261	393.988
631	3.15000	147.877	-439.783	400.045	833.319	-435.328	393.989
632	3.15500	148.509	-439.752	400.129	832.854	-435.525	393.820
633	3.16000	149.080	-439.759	400.057	832.334	-435.316	393.959
634	3.16500	149.694	-439.735	400.095	831.853	-435.347	393.986
635	3.17000	150.310	-439.726	400.179	831.395	-435.517	393.836
636	3.17500	150.840	-439.655	399.979	830.883	-435.367	393.921
637	3.18000	151.472	-439.642	400.065	830.362	-435.313	394.007
638	3.18500	152.071	-439.623	400.029	829.903	-435.528	393.789
639	3.19000	152.666	-439.637	400.023	829.410	-435.544	393.810
640	3.19500	153.310	-439.628	400.114	828.903	-435.609	393.860
641	3.20000	153.849	-439.654	400.024	828.410	-435.584	393.813
642	3.20500	154.456	-439.643	400.152	827.946	-435.609	393.784
643	3.21000	155.016	-439.649	400.154	827.450	-435.589	393.830
644	3.21500	155.596	-439.647	400.174	826.981	-435.603	393.763
645	3.22000	156.226	-439.624	400.293	826.527	-435.582	393.748
646	3.22500	156.805	-439.634	400.139	826.038	-435.551	393.832
647	3.23000	157.446	-439.621	400.189	825.555	-435.561	393.864
648	3.23500	158.051	-439.644	400.144	825.077	-435.544	393.782
649	3.24000	158.641	-439.635	400.125	824.560	-435.512	393.824
650	3.24500	159.278	-439.622	400.233	824.031	-435.491	393.877
651	3.25000	159.822	-439.647	400.162	823.559	-435.479	393.659
652	3.25500	160.439	-439.635	400.252	823.052	-435.470	393.714
653	3.26000	160.998	-439.568	400.166	822.535	-435.462	393.755
654	3.26500	161.599	-439.523	400.134	822.037	-435.444	393.735
655	3.27000	162.252	-439.502	400.218	821.586	-435.406	393.699
656	3.27500	162.828	-439.534	400.098	821.059	-435.401	393.815
657	3.28000	163.462	-439.526	400.164	820.562	-435.445	393.793
658	3.28500	164.051	-439.532	400.148	820.072	-435.409	393.790
659	3.29000	164.605	-439.526	400.168	819.561	-435.372	393.785
660	3.29500	165.224	-439.491	400.334	819.045	-435.372	393.739
661	3.30000	165.749	-439.523	400.248	818.565	-435.331	393.749
662	3.30500	166.380	-439.511	400.345	818.051	-435.303	393.769
663	3.31000	166.992	-439.522	400.321	817.561	-435.379	393.763
664	3.31500	167.592	-439.551	400.267	817.112	-435.344	393.704
665	3.32000	168.241	-439.547	400.311	816.616	-435.313	393.751
666	3.32500	168.802	-439.575	400.220	816.136	-435.346	393.760
667	3.33000	169.428	-439.558	400.302	815.682	-435.486	393.654
668	3.33500	170.022	-439.547	400.335	815.189	-435.297	393.772
669	3.34000	170.592	-439.561	400.304	814.668	-435.309	393.840
670	3.34500	171.196	-439.412	400.333	814.197	-435.435	393.685
671	3.35000	171.771	-439.433	400.246	813.666	-435.305	393.746
672	3.35500	172.393	-439.442	400.287	813.149	-435.285	393.792
673	3.36000	173.002	-439.457	400.296	812.672	-435.478	393.594
674	3.36500	173.583	-439.482	400.226	812.179	-435.346	393.710
675	3.37000	174.206	-439.467	400.341	811.698	-435.463	393.717
676	3.37500	174.744	-439.499	400.263	811.214	-435.491	393.666
677	3.38000	175.345	-439.489	400.388	810.722	-435.449	393.690
678	3.38500	175.928	-439.502	400.393	810.228	-435.482	393.713
679	3.39000	176.519	-439.484	400.384	809.719	-435.483	393.685
680	3.39500	177.170	-439.458	400.434	809.244	-435.463	393.650
681	3.40000	177.770	-439.477	400.311	808.763	-435.429	393.666
682	3.40500	178.393	-439.465	400.355	808.253	-435.460	393.639
683	3.41000	178.995	-439.470	400.381	807.752	-435.428	393.628
684	3.41500	179.580	-439.481	400.359	807.265	-435.400	393.693
685	3.42000	180.184	-439.460	400.459	806.773	-435.470	393.604
686	3.42500	180.730	-439.388	400.306	806.270	-435.454	393.617
687	3.43000	181.352	-439.383	400.352	805.808	-435.444	393.660
688	3.43500	181.955	-439.366	400.379	805.308	-435.491	393.732
689	3.44000	182.541	-439.376	400.359	804.814	-435.501	393.758
690	3.44500	183.185	-439.360	400.397	804.345	-435.446	393.765
691	3.45000	183.761	-439.385	400.316	803.832	-435.455	393.764
692	3.45500	184.375	-439.372	400.377	803.331	-435.648	393.657
693	3.46000	184.944	-439.373	400.383	802.831	-435.453	393.741
694	3.46500	185.522	-439.350	400.451	802.343	-435.477	393.717
695	3.47000	186.125	-439.343	400.554	801.841	-435.613	393.613
696	3.47500	186.693	-439.361	400.488	801.259	-435.581	393.796
697	3.48000	187.338	-439.343	400.529	800.881	-435.525	393.713
698	3.48500	187.935	-439.384	400.442	800.386	-435.798	393.592
699	3.49000	188.571	-439.389	400.423	799.881	-435.876	393.606
700	3.49500	189.196	-439.369	400.519	799.374	-435.838	393.648
701	3.50000	189.758	-439.395	400.439	798.852	-435.831	393.616
702	3.50500	190.362	-439.268	400.481	798.373	-435.845	393.608
703	3.51000	190.936	-439.242	400.461	797.878	-435.801	393.641
704	3.51500	191.533	-439.234	400.478	797.379	-435.795	393.608
705	3.52000	192.153	-439.223	400.560	796.874	-435.775	393.627
706	3.52500	192.740	-439.261	400.444	796.398	-435.774	393.684
707	3.53000	193.381	-439.265	400.518	795.913	-435.756	393.637
708	3.53500	193.957	-439.291	400.443	795.431	-435.707	393.658
709	3.54000	194.562	-439.298	400.450	794.953	-435.685	393.739
710	3.54500	195.154	-439.307	400.528	794.471	-435.723	393.754
711	3.55000	195.695	-439.313	400.533	793.984	-435.719	393.712
712	3.55500	196.306	-439.301	400.631	793.508	-435.703	393.681
713	3.56000	196.897	-439.325	400.562	792.997	-435.718	393.657
714	3.56500	197.516	-439.312	400.573	792.497	-435.723	393.627
715	3.57000	198.146	-439.313	400.543	792.027	-435.695	393.635
716	3.57500	198.748	-439.306	400.507	791.533	-435.652	393.667
717	3.58000	199.382	-439.288	400.597	791.041	-435.646	393.672
718	3.58500	199.951	-439.317	400.539	790.556	-435.613	393.717
719	3.59000	200.541	-439.294	400.648	790.079	-435.592	393.689
720	3.59500	201.114	-439.216	400.542	789.592	-435.596	393.645
721	3.60000	201.709	-439.219	400.521	789.081	-435.573	393.716
722	3.60500	202.358	-439.191	400.617	788.589	-435.548	393.724
723	3.61000	202.927	-439.213	400.560	788.103	-435.592	393.658
724	3.61500	203.557	-439.201	400.608	787.598	-435.534	393.680
725	3.62000	204.149	-439.219	400.543	787.122	-435.531	393.630
726	3.62500	204.740	-439.213	400.551	786.630	-435.703	393.521
727	3.63000	205.343	-439.204	400.667	786.127	-435.515	393.634
728	3.63500	205.882	-439.208	400.634	785.666	-435.489	393.659
729	3.64000	206.507	-439.200	400.742	785.195	-435.684	393.551
730	3.64500	207.076	-439.216	400.687	784.729	-435.619	393.626
731	3.65000	207.704	-439.217	400.693	784.264	-435.504	393.703
732	3.65500	208.333	-439.229	400.670	783.776	-435.616	393.657
733	3.66000	208.940	-439.232	400.611	783.271	-435.598	393.568
734	3.66500	209.587	-439.205	400.712	782.790	-435.653	393.564
735	3.67000	210.153	-439.230	400.613	782.279	-435.636	393.526
736	3.67500	210.736	-439.097	400.648	781.793	-435.660	393.464
737	3.68000	211.331	-439.107	400.632	781.288	-435.741	393.572
738	3.68500	211.926	-439.063	400.645	780.854	-435.761	393.532
739	3.69000	212.556	-439.059	400.774	780.401	-435.736	393.465
740	3.69500	213.134	-439.105	400.636	779.942	-435.742	393.467
741	3.70000	213.780	-439.091	400.740	779.458	-435.816	393.488
742	3.70500	214.339	-439.136	400.658	778.954	-435.817	393.487
743	3.71000	214.933	-439.140	400.719	778.448	-435.789	393.511
744	3.71500	215.513	-439.159	400.777	777.979	-435.793	393.501
745	3.72000	216.075	-439.177	400.740	777.482	-435.822	393.426
746	3.72500	216.696	-439.169	400.884	776.996	-435.807	393.476
747	3.73000	217.267	-439.195	400.761	776.502	-435.784	393.490
748	3.73500	217.918	-439.173	400.809	776.027	-435.840	393.418
749	3.74000	218.527	-439.181	400.726	775.546	-435.825	393.528
750	3.74500	219.153	-439.161	400.692	775.096	-435.767	393.547
751	3.75000	219.785	-439.130	400.796	774.631	-435.952	393.481
752	3.75500	220.346	-439.147	400.716	774.149	-435.916	393.484
753	3.76000	220.958	-439.043	400.737	773.665	-435.822	393.514
754	3.76500	221.510	-439.052	400.670	773.158	-435.963	393.423
755	3.77000	222.132	-438.995	400.771	772.636	-435.980	393.375
756	3.77500	222.753	-439.012	400.770	772.159	-436.081	393.433
757	3.78000	223.350	-439.028	400.687	771.676	-435.959	393.333
758	3.78500	223.987	-439.021	400.811	771.181	-435.963	393.349
759	3.79000	224.536	-439.050	400.700	770.716	-436.022	393.399
760	3.79500	225.138	-439.031	400.829	770.211	-435.995	393.535
761	3.80000	225.687	-439.041	400.794	769.740	-435.916	393.422
762	3.80500	226.287	-439.036	400.878	769.263	-435.954	393.485
763	3.81000	226.883	-439.039	400.993	768.754	-435.963	393.534
764	3.81500	227.445	-439.063	400.887	768.248	-435.933	393.430
765	3.82000	228.128	-439.068	400.922	767.776	-435.918	393.448
766	3.82500	228.707	-439.082	400.792	767.289	-435.928	393.498
767	3.83000	229.359	-439.083	400.849	766.791	-435.908	393.430
768	3.83500	229.944	-439.064	400.810	766.334	-435.896	393.521
769	3.84000	230.555	-439.047	400.855	765.856	-435.885	393.477
770	3.84500	231.135	-438.921	400.856	765.370	-435.882	393.398
771	3.85000	231.694	-438.885	400.810	764.915	-435.884	393.465
772	3.85500	232.335	-438.872	400.911	764.451	-435.861	393.520
773	3.86000	232.918	-438.890	400.829	763.962	-435.877	393.464
774	3.86500	233.551	-438.899	400.868	763.492	-435.832	393.461
775	3.87000	234.177	-438.928	400.846	762.980	-435.820	393.538
776	3.87500	234.745	-438.936	400.836	762.476	-435.799	393.412
777	3.88000	235.349	-438.934	400.944	761.976	-435.800	393.477
778	3.88500	235.888	-438.955	400.881	761.509	-435.786	393.426
779	3.89000	236.508	-438.959	401.039	761.006	-435.797	393.407
780	3.89500	237.063	-438.989	400.952	760.530	-435.775	393.453
781	3.90000	237.679	-438.995	401.019	760.062	-435.750	393.558
782	3.90500	238.302	-439.001	400.952	759.580	-435.760	393.410
783	3.91000	238.915	-438.993	400.927	759.102	-435.875	393.341
784	3.91500	239.562	-438.994	400.974	758.618	-435.711	393.512
785	3.92000	240.125	-439.004	400.875	758.112	-435.727	393.384
786	3.92500	240.748	-438.975	401.006	757.636	-435.838	393.293
787	3.93000	241.323	-438.979	400.941	757.182	-435.727	393.367
788	3.93500	241.918	-438.873	400.878	756.667	-435.873	393.332
789	3.94000	242.516	-438.853	400.927	756.199	-435.805	393.286
790	3.94500	243.135	-438.852	400.922	755.736	-435.909	393.314
791	3.95000	243.768	-438.834	400.967	755.234	-435.873	393.407
792	3.95500	244.338	-438.853	400.888	754.780	-435.908	393.322
793	3.96000	244.959	-438.847	400.976	754.324	-435.863	393.418
794	3.96500	245.533	-438.858	400.913	753.809	-435.937	393.519
795	3.97000	246.119	-438.858	401.007	753.292	-436.015	393.464
796	3.97500	246.704	-438.850	401.100	752.792	-436.026	393.534
797	3.98000	247.267	-438.891	401.082	752.270	-436.043	393.584
798	3.98500	247.882	-438.894	401.156	751.767	-436.068	393.394
799	3.99000	248.469	-438.935	401.054	751.332	-436.100	393.472
800	3.99500	249.110	-438.945	401.091	750.823	-436.125	393.657
801	4.00000	249.716	-438.965	401.011	750.402	-436.161	393.434
802	4.00500	250.331	-438.937	401.085	749.930	-436.083	393.437
803	4.01000	250.927	-438.918	401.092	749.449	-436.071	393.557
804	4.01500	251.493	-438.806	400.980	748.974	-436.118	393.449
805	4.02000	252.132	-438.743	401.045	748.490	-436.075	393.460
806	4.02500	252.720	-438.691	400.988	747.961	-436.043	393.623
807	4.03000	253.344	-438.677	401.052	747.484	-436.059	393.405
808	4.03500	253.937	-438.698	401.016	747.002	-436.152	393.366
809	4.04000	254.555	-438.706	401.018	746.526	-436.006	393.578
810	4.04500	255.149	-438.756	401.062	746.048	-436.196	393.489
811	4.05000	255.709	-438.777	401.077	745.595	-436.139	393.386
812	4.05500	256.308	-438.786	401.182	745.124	-436.024	393.526
813	4.06000	256.857	-438.814	401.165	744.688	-436.158	393.465
814	4.06500	257.495	-438.805	401.236	744.252	-436.108	393.283
815	4.07000	258.069	-438.833	401.135	743.755	-436.137	393.460
816	4.07500	258.705	-438.843	401.162	743.278	-436.119	393.534
817	4.08000	259.312	-438.851	401.133	742.814	-436.075	393.267
818	4.08500	259.921	-438.851	401.150	742.285	-436.248	393.401
819	4.09000	260.537	-438.833	401.232	741.794	-436.221	393.510
820	4.09500	261.120	-438.839	401.165	741.335	-436.059	393.332
821	4.10000	261.730	-438.831	401.230	740.831	-436.202	393.445
822	4.10500	262.296	-438.750	401.079	740.360	-436.238	393.576
823	4.11000	262.928	-438.729	401.090	739.928	-436.237	393.322
824	4.11500	263.542	-438.686	401.079	739.428	-436.167	393.397
825	4.12000	264.149	-438.627	401.096	738.957	-436.196	393.375
826	4.12500	264.768	-438.617	401.151	738.480	-436.207	393.273
827	4.13000	265.325	-438.610	401.123	737.966	-436.146	393.384
828	4.13500	265.938	-438.574	401.237	737.492	-436.108	393.413
829	4.14000	266.499	-438.602	401.183	737.014	-436.162	393.309
830	4.14500	267.098	-438.579	401.293	736.524	-436.120	393.398
831	4.15000	267.678	-438.609	401.261	736.049	-436.129	393.427
832	4.15500	268.305	-438.622	401.260	735.594	-436.140	393.326
833	4.16000	268.902	-438.684	401.283	735.109	-436.081	393.345
834	4.16500	269.517	-438.733	401.203	734.634	-436.069	393.552
835	4.17000	270.146	-438.727	401.296	734.165	-436.100	393.486
836	4.17500	270.715	-438.753	401.230	733.681	-436.109	393.479
837	4.18000	271.345	-438.726	401.323	733.201	-436.038	393.605
838	4.18500	271.912	-438.698	401.255	732.733	-436.112	393.690
839	4.19000	272.495	-438.579	401.206	732.246	-436.105	393.556
840	4.19500	273.113	-438.584	401.173	731.764	-436.008	393.530
841	4.20000	273.720	-438.528	401.228	731.284	-436.202	393.599
842	4.20500	274.356	-438.527	401.264	730.790	-436.044	393.435
843	4.21000	274.936	-438.525	401.189	730.333	-435.957	393.541
844	4.21500	275.563	-438.509	401.284	729.863	-436.122	393.645
845	4.22000	276.102	-438.535	401.242	729.383	-435.986	393.600
846	4.22500	276.722	-438.514	401.351	728.920	-436.053	393.594
847	4.23000	277.288	-438.554	401.319	728.445	-436.251	393.592
848	4.23500	277.902	-438.547	401.366	727.959	-436.110	393.267
849	4.24000	278.516	-438.617	401.370	727.472	-436.259	393.456
850	4.24500	279.126	-438.586	401.274	726.968	-436.209	393.606
851	4.25000	279.752	-438.653	401.361	726.486	-436.109	393.386
852	4.25500	280.318	-438.672	401.284	726.002	-436.100	393.559
853	4.26000	280.948	-438.657	401.431	725.538	-436.203	393.575
854	4.26500	281.500	-438.681	401.350	725.030	-436.115	393.599
855	4.27000	282.119	-438.661	401.462	724.614	-436.200	393.374
856	4.27500	282.699	-438.697	401.392	724.127	-436.224	393.592
857	4.28000	283.299	-438.590	401.325	723.647	-436.181	393.522
858	4.28500	283.923	-438.558	401.315	723.210	-436.240	393.647
859	4.29000	284.524	-438.514	401.281	722.727	-436.194	393.622
860	4.29500	285.146	-438.487	401.365	722.225	-436.250	393.525
861	4.30000	285.717	-438.453	401.306	721.761	-436.102	393.576
862	4.30500	286.332	-438.436	401.451	721.273	-436.187	393.617
863	4.31000	286.871	-438.442	401.414	720.774	-436.347	393.621
864	4.31500	287.473	-438.415	401.555	720.351	-436.151	393.571
865	4.32000	288.062	-438.429	401.474	719.849	-436.130	393.674
866	4.32500	288.693	-438.424	401.503	719.371	-436.289	393.703
867	4.33000	289.295	-438.464	401.429	718.924	-436.188	393.649
868	4.33500	289.908	-438.469	401.436	718.424	-436.011	393.759
869	4.34000	290.525	-438.481	401.508	717.920	-436.258	393.614
870	4.34500	291.093	-438.501	401.438	717.431	-436.217	394.126
871	4.35000	291.716	-438.491	401.574	716.928	-436.230	393.763
872	4.35500	292.272	-438.526	401.470	716.443	-436.321	393.739
873	4.36000	292.904	-438.523	401.595	715.990	-436.200	393.781
874	4.36500	293.467	-438.470	401.397	715.503	-436.373	393.775
875	4.37000	294.093	-438.464	401.490	715.041	-436.296	393.779
876	4.37500	294.691	-438.400	401.445	714.666	-436.094	393.916
877	4.38000	295.296	-438.372	401.466	714.204	-436.252	393.645
878	4.38500	295.881	-438.362	401.513	713.692	-436.092	393.800
879	4.39000	296.458	-438.354	401.479	713.236	-435.995	393.908
880	4.39500	297.061	-438.348	401.596	712.759	-436.004	393.966
881	4.40000	297.619	-438.363	401.541	712.310	-436.037	393.908
882	4.40500	298.254	-438.360	401.640	711.799	-436.007	394.442
883	4.41000	298.824	-438.388	401.496	711.323	-436.100	393.747
884	4.41500	299.479	-438.366	401.618	710.868	-436.149	393.807
885	4.42000	300.063	-438.399	401.481	710.374	-436.133	393.994
886	4.42500	300.672	-438.387	401.571	709.883	-436.097	393.872
887	4.43000	301.252	-438.409	401.558	709.440	-436.050	393.924
888	4.43500	301.847	-438.417	401.597	708.926	-436.175	394.740
889	4.44000	302.437	-438.426	401.667	708.479	-435.991	393.968
890	4.44500	303.032	-438.487	401.615	708.035	-436.056	393.774
891	4.45000	303.642	-438.537	401.712	707.568	-436.023	394.080
892	4.45500	304.191	-438.493	401.513	707.035	-435.923	393.929
893	4.46000	304.800	-438.484	401.654	706.635	-436.020	393.963
894	4.46500	305.367	-438.494	401.542	706.138	-436.159	393.927
895	4.47000	305.990	-438.453	401.641	705.631	-436.039	394.683
896	4.47500	306.570	-438.362	401.578	705.241	-436.077	393.802
897	4.48000	307.174	-438.326	401.701	704.751	-436.178	393.847
898	4.48500	307.744	-438.324	401.655	704.195	-436.123	395.257
899	4.49000	308.352	-438.313	401.703	703.777	-435.987	394.784
900	4.49500	308.969	-438.303	401.692	703.323	-436.072	394.006
901	4.50000	309.563	-438.321	401.640	702.902	-436.102	394.551
902	4.50500	310.193	-438.316	401.683	702.346	-436.102	394.872
903	4.51000	310.769	-438.327	401.610	701.860	-436.206	394.016
904	4.51500	311.382	-438.306	401.724	701.335	-436.206	395.759
905	4.52000	311.949	-438.327	401.665	700.960	-436.317	393.828
906	4.52500	312.556	-438.340	401.764	700.424	-436.298	395.054
907	4.53000	313.123	-438.356	401.704	699.971	-436.396	395.599
908	4.53500	313.745	-438.374	401.810	699.543	-436.276	394.763
909	4.54000	314.316	-438.399	401.722	699.102	-436.398	393.861
910	4.54500	314.942	-438.408	401.798	698.586	-436.382	395.768
911	4.55000	315.498	-438.324	401.669	698.074	-436.365	396.439
912	4.55500	316.078	-438.337	401.744	697.675	-436.329	394.208
913	4.56000	316.660	-438.313	401.787	697.138	-436.446	396.371
914	4.56500	317.227	-438.328	401.825	696.687	-436.250	395.540
915	4.57000	317.839	-438.318	401.850	696.194	-436.383	396.297
916	4.57500	318.444	-438.297	401.757	695.745	-436.421	396.200
917	4.58000	319.069	-438.276	401.787	695.267	-436.062	396.437
918	4.58500	319.649	-438.277	401.687	694.829	-436.155	396.020
919	4.59000	320.243	-438.215	401.830	694.343	-436.419	396.541
920	4.59500	320.814	-438.232	401.744	693.827	-436.282	397.442
921	4.60000	321.431	-438.204	401.836	693.397	-436.011	397.587
922	4.60500	321.994	-438.214	401.764	692.951	-436.118	396.739
923	4.61000	322.592	-438.224	401.881	692.484	-436.314	396.761
924	4.61500	323.191	-438.253	401.809	692.068	-436.117	395.810
925	4.62000	323.794	-438.285	401.851	691.550	-436.322	396.326
926	4.62500	324.366	-438.293	401.864	691.065	-436.126	396.365
927	4.63000	324.950	-438.314	401.882	690.605	-436.006	396.334
928	4.63500	325.538	-438.225	401.786	690.097	-436.192	396.575
929	4.64000	326.106	-438.205	401.781	689.600	-435.948	397.006
930	4.64500	326.701	-438.146	401.882	689.173	-436.148	396.483
931	4.65000	327.268	-438.141	401.877	688.673	-436.218	396.898
932	4.65500	327.862	-438.121	401.979	688.211	-436.086	397.288
933	4.66000	328.437	-438.146	401.916	687.828	-436.080	396.162
934	4.66500	329.041	-438.119	401.959	687.333	-436.231	396.744
935	4.67000	329.611	-438.152	401.878	686.847	-435.982	397.604
936	4.67500	330.219	-438.117	401.939	686.423	-436.124	396.223
937	4.68000	330.812	-438.149	401.852	685.894	-436.207	397.217
938	4.68500	331.415	-438.102	401.944	685.418	-436.080	397.731
939	4.69000	331.973	-438.117	401.906	684.979	-436.106	396.903
940	4.69500	332.557	-438.107	401.976	684.497	-436.163	397.082
941	4.70000	333.156	-438.124	401.957	684.036	-436.144	397.818
942	4.70500	333.744	-438.139	401.998	683.576	-436.081	397.742
943	4.71000	334.343	-438.174	401.980	683.147	-436.248	396.809
944	4.71500	334.937	-438.196	401.993	682.690	-436.156	397.413
945	4.72000	335.535	-438.210	402.024	682.188	-436.130	397.619
946	4.72500	336.097	-438.233	402.007	681.717	-436.139	397.462
947	4.73000	336.652	-438.153	401.984	681.230	-436.106	397.917
948	4.73500	337.221	-438.147	401.987	680.734	-435.985	397.969
949	4.74000	337.818	-438.136	402.065	680.274	-435.955	397.849
950	4.74500	338.387	-438.131	402.020	679.804	-435.951	398.110
951	4.75000	338.994	-438.096	402.086	679.327	-435.838	398.274
952	4.75500	339.593	-438.123	401.974	678.897	-435.866	397.790
953	4.76000	340.200	-438.083	402.041	678.435	-435.921	398.150
954	4.76500	340.753	-438.098	401.990	677.944	-435.856	398.391
955	4.77000	341.333	-438.035	402.094	677.518	-435.810	397.799
956	4.77500	341.900	-438.066	402.001	677.054	-436.120	397.574
957	4.78000	342.497	-438.014	402.130	676.564	-435.849	398.442
958	4.78500	343.051	-438.051	402.033	676.113	-435.983	397.756
959	4.79000	343.666	-438.037	402.139	675.636	-436.026	397.802
960	4.79500	344.224	-438.063	402.060	675.152	-435.934	398.304
961	4.80000	344.835	-438.049	402.150	674.716	-435.944	398.026
962	4.80500	345.388	-438.078	402.102	674.229	-435.999	398.017
963	4.81000	345.982	-438.071	402.169	673.757	-435.996	398.393
964	4.81500	346.520	-438.022	402.032	673.296	-436.241	398.039
965	4.82000	347.114	-437.989	402.098	672.797	-435.994	398.874
966	4.82500	347.681	-438.000	402.106	672.364	-436.094	398.351
967	4.83000	348.271	-437.957	402.204	671.959	-436.154	398.183
968	4.83500	348.832	-437.990	402.194	671.493	-436.281	398.127
969	4.84000	349.422	-437.968	402.196	671.047	-436.195	398.461
970	4.84500	350.011	-437.973	402.149	670.552	-436.211	398.286
971	4.85000	350.592	-437.957	402.163	670.084	-436.144	398.573
972	4.85500	351.176	-437.962	402.148	669.635	-436.148	398.377
973	4.86000	351.744	-437.934	402.156	669.092	-436.087	398.485
974	4.86500	352.313	-437.948	402.184	668.638	-436.154	398.442
975	4.87000	352.880	-437.933	402.193	668.196	-436.015	398.663
976	4.87500	353.463	-437.952	402.228	667.732	-435.973	398.705
977	4.88000	354.054	-437.955	402.185	667.268	-435.906	398.791
978	4.88500	354.640	-437.980	402.238	666.803	-435.967	398.761
979	4.89000	355.218	-437.984	402.190	666.315	-435.991	398.802
980	4.89500	355.808	-437.998	402.262	665.853	-436.057	398.572
981	4.90000	356.372	-438.010	402.208	665.442	-436.029	398.771
982	4.90500	356.936	-438.020	402.317	664.877	-435.964	398.770
983	4.91000	357.486	-438.035	402.307	664.435	-436.147	398.559
984	4.91500	358.057	-437.976	402.322	663.957	-436.044	398.820
985	4.92000	358.623	-437.999	402.221	663.511	-436.100	398.266
986	4.92500	359.228	-437.981	402.301	663.068	-436.137	398.308
987	4.93000	359.799	-437.954	402.218	662.597	-436.059	398.906
988	4.93500	360.394	-437.934	402.310	662.224	-436.049	398.876
989	4.94000	360.944	-437.918	402.250	661.772	-436.118	398.718
990	4.94500	361.530	-437.880	402.355	661.229	-435.944	398.986
991	4.95000	362.076	-437.892	402.279	660.777	-435.965	398.880
992	4.95500	362.668	-437.876	402.355	660.313	-436.000	398.697
993	4.96000	363.232	-437.910	402.256	659.824	-435.976	398.941
994	4.96500	363.823	-437.916	402.333	659.384	-435.965	398.760
995	4.97000	364.374	-437.914	402.276	658.919	-435.913	398.915
996	4.97500	364.964	-437.915	402.354	658.453	-435.951	399.045
997	4.98000	365.515	-437.913	402.298	658.067	-435.989	398.976
998	4.98500	366.109	-437.916	402.394	657.536	-435.921	398.944
999	4.99000	366.651	-437.899	402.351	657.070	-435.875	399.190
1000	4.99500	367.236	-437.905	402.461	656.672	-436.154	398.655
1001	5.00000	367.772	-437.910	402.449	656.093	-435.995	399.094
1002	5.00500	368.348	-437.914	402.571	655.651	-435.987	399.164
1003	5.01000	368.890	-437.849	402.397	655.185	-436.018	399.259
1004	5.01500	369.486	-437.827	402.496	654.743	-436.052	399.085
1005	5.02000	370.053	-437.807	402.400	654.301	-436.030	399.175
1006	5.02500	370.639	-437.801	402.462	653.824	-435.998	399.386
1007	5.03000	371.208	-437.806	402.385	653.359	-436.081	399.051
1008	5.03500	371.793	-437.789	402.496	652.930	-435.985	399.110
1009	5.04000	372.335	-437.771	402.456	652.421	-435.897	399.347
1010	5.04500	372.922	-437.757	402.519	651.978	-435.962	399.162
1011	5.05000	373.472	-437.758	402.467	651.527	-435.828	399.243
1012	5.05500	374.050	-437.757	402.495	651.154	-435.771	399.301
1013	5.06000	374.617	-437.763	402.468	650.686	-436.021	398.781
1014	5.06500	375.195	-437.788	402.498	650.210	-435.999	398.751
1015	5.07000	375.759	-437.798	402.454	649.746	-435.891	399.068
1016	5.07500	376.331	-437.814	402.514	649.201	-435.866	399.183
1017	5.08000	376.876	-437.815	402.494	648.732	-436.073	398.938
1018	5.08500	377.434	-437.821	402.598	648.289	-436.089	399.014
1019	5.09000	377.992	-437.839	402.586	647.846	-436.138	398.905
1020	5.09500	378.561	-437.854	402.629	647.380	-436.133	398.997
1021	5.10000	379.142	-437.866	402.613	646.931	-435.906	399.376
1022	5.10500	379.726	-437.892	402.615	646.472	-436.130	398.980
1023	5.11000	380.295	-437.802	402.457	645.985	-436.105	399.249
1024	5.11500	380.872	-437.770	402.470	645.542	-436.122	399.141
1025	5.12000	381.423	-437.729	402.538	645.065	-436.092	399.047
1026	5.12500	381.984	-437.730	402.546	644.600	-436.100	399.292
1027	5.13000	382.544	-437.716	402.602	644.146	-436.093	399.283
1028	5.13500	383.116	-437.734	402.550	643.680	-436.114	399.174
1029	5.14000	383.688	-437.736	402.613	643.226	-436.104	399.058
1030	5.14500	384.248	-437.751	402.555	642.784	-436.067	399.238
1031	5.15000	384.833	-437.744	402.626	642.330	-436.072	399.183
1032	5.15500	385.399	-437.751	402.538	641.865	-436.040	399.170
1033	5.16000	385.975	-437.739	402.622	641.411	-436.038	399.185
1034	5.16500	386.509	-437.741	402.551	640.956	-436.041	399.267
1035	5.17000	387.075	-437.727	402.648	640.491	-436.034	399.273
1036	5.17500	387.626	-437.750	402.604	640.037	-436.026	399.202
1037	5.18000	388.196	-437.754	402.721	639.568	-436.116	399.007
1038	5.18500	388.746	-437.772	402.677	639.105	-436.018	399.215
1039	5.19000	389.338	-437.778	402.789	638.641	-435.981	399.288
1040	5.19500	389.878	-437.782	402.690	638.183	-436.062	399.060
1041	5.20000	390.463	-437.701	402.679	637.728	-436.072	399.099
1042	5.20500	391.013	-437.698	402.569	637.261	-436.107	399.015
1043	5.21000	391.597	-437.650	402.693	636.797	-436.067	399.156
1044	5.21500	392.149	-437.625	402.651	636.332	-436.038	399.250
1045	5.22000	392.742	-437.604	402.763	635.862	-436.178	399.096
1046	5.22500	393.284	-437.620	402.684	635.412	-436.042	399.274
1047	5.23000	393.872	-437.615	402.779	634.947	-436.028	399.347
1048	5.23500	394.421	-437.632	402.670	634.504	-436.017	399.462
1049	5.24000	394.999	-437.633	402.778	634.032	-436.189	399.155
1050	5.24500	395.564	-437.652	402.695	633.584	-436.029	399.507
1051	5.25000	396.159	-437.643	402.761	633.123	-436.185	399.190
1052	5.25500	396.686	-437.662	402.726	632.668	-436.166	399.145
1053	5.26000	397.245	-437.643	402.792	632.202	-436.166	399.218
1054	5.26500	397.778	-437.679	402.796	631.749	-436.157	399.346
1055	5.27000	398.347	-437.675	402.850	631.283	-436.167	399.377
1056	5.27500	398.899	-437.720	402.831	630.816	-436.168	399.366
1057	5.28000	399.474	-437.721	402.856	630.351	-436.128	399.399
1058	5.28500	400.046	-437.748	402.813	629.871	-436.175	399.329
1059	5.29000	400.616	-437.746	402.819	629.395	-436.142	399.418
1060	5.29500	401.177	-437.751	402.838	628.932	-436.096	399.560
1061	5.30000	401.727	-437.630	402.763	628.452	-436.091	399.384
1062	5.30500	402.288	-437.612	402.782	627.998	-436.073	399.471
1063	5.31000	402.853	-437.585	402.752	627.554	-436.082	399.413
1064	5.31500	403.434	-437.563	402.815	627.094	-436.144	399.169
1065	5.32000	403.984	-437.562	402.779	626.646	-436.029	399.499
1066	5.32500	404.558	-437.556	402.874	626.191	-436.004	399.520
1067	5.33000	405.110	-437.578	402.788	625.728	-436.105	399.143
1068	5.33500	405.698	-437.558	402.890	625.268	-436.028	399.484
1069	5.34000	406.250	-437.586	402.806	624.802	-436.003	399.451
1070	5.34500	406.811	-437.567	402.895	624.331	-436.075	399.307
1071	5.35000	407.354	-437.592	402.823	623.870	-436.077	399.665
1072	5.35500	407.933	-437.558	402.939	623.393	-435.965	399.585
1073	5.36000	408.456	-437.593	402.892	622.943	-436.050	399.333
1074	5.36500	409.015	-437.568	403.033	622.504	-436.045	399.624
1075	5.37000	409.556	-437.615	402.962	622.037	-436.002	399.577
1076	5.37500	410.125	-437.588	403.023	621.577	-436.043	399.378
1077	5.38000	410.699	-437.638	402.937	621.116	-436.023	399.675
1078	5.38500	411.280	-437.625	403.005	620.651	-436.015	399.731
1079	5.39000	411.844	-437.660	402.931	620.180	-436.020	399.551
1080	5.39500	412.405	-437.641	403.023	619.706	-436.014	399.791
1081	5.40000	412.941	-437.536	402.879	619.236	-436.119	399.732
1082	5.40500	413.502	-437.509	402.904	618.773	-436.178	399.470
1083	5.41000	414.063	-437.482	402.929	618.320	-436.142	399.559
1084	5.41500	414.620	-437.480	402.936	617.890	-436.116	399.647
1085	5.42000	415.200	-437.479	402.938	617.440	-436.137	399.441
1086	5.42500	415.761	-437.502	402.915	616.976	-436.103	399.543
1087	5.43000	416.338	-437.485	402.967	616.522	-436.095	399.611
1088	5.43500	416.871	-437.516	402.912	616.052	-436.105	399.495
1089	5.44000	417.431	-437.488	403.007	615.587	-436.083	399.574
1090	5.44500	417.964	-437.532	402.953	615.119	-436.077	399.546
1091	5.45000	418.531	-437.512	403.087	614.644	-436.149	399.300
1092	5.45500	419.063	-437.557	403.033	614.188	-436.042	399.666
1093	5.46000	419.646	-437.535	403.125	613.712	-436.054	399.779
1094	5.46500	420.205	-437.571	403.017	613.237	-436.129	399.555
1095	5.47000	420.789	-437.545	403.111	612.780	-436.028	399.879
1096	5.47500	421.331	-437.569	403.046	612.380	-436.214	399.564
1097	5.48000	421.888	-437.548	403.125	611.930	-436.229	399.363
1098	5.48500	422.435	-437.548	403.079	611.420	-436.171	399.877
1099	5.49000	422.986	-437.459	403.034	610.959	-436.221	399.728
1100	5.49500	423.523	-437.448	403.001	610.587	-436.180	399.444
1101	5.50000	424.089	-437.451	403.000	610.076	-436.106	399.912
1102	5.50500	424.669	-437.427	403.008	609.599	-436.097	399.541
1103	5.51000	425.226	-437.416	403.020	609.125	-436.106	399.737
1104	5.51500	425.812	-437.368	403.065	608.667	-436.083	399.681
1105	5.52000	426.364	-437.403	402.990	608.195	-436.073	399.525
1106	5.52500	426.957	-437.360	403.075	607.755	-436.078	399.689
1107	5.53000	427.477	-437.391	403.017	607.313	-436.049	399.770
1108	5.53500	428.049	-437.365	403.125	606.855	-436.004	399.695
1109	5.54000	428.562	-437.393	403.100	606.399	-436.038	399.720
1110	5.54500	429.114	-437.386	403.234	605.950	-436.006	399.965
1111	5.55000	429.644	-437.424	403.166	605.470	-436.002	399.935
1112	5.55500	430.193	-437.424	403.282	605.048	-436.115	399.649
1113	5.56000	430.755	-437.448	403.198	604.498	-436.126	399.945
1114	5.56500	431.334	-437.459	403.210	604.078	-436.169	400.015
1115	5.57000	431.877	-437.455	403.219	603.624	-436.196	399.774
1116	5.57500	432.426	-437.469	403.197	603.164	-436.323	399.772
1117	5.58000	432.986	-437.445	403.233	602.719	-436.317	399.790
1118	5.58500	433.530	-437.391	403.086	602.249	-436.309	399.701
1119	5.59000	434.109	-437.445	403.273	601.829	-436.301	399.803
1120	5.59500	434.635	-437.387	403.081	601.350	-436.273	399.809
1121	5.60000	435.213	-437.370	403.164	600.866	-436.285	399.685
1122	5.60500	435.759	-437.400	403.055	600.435	-436.187	400.044
1123	5.61000	436.337	-437.379	403.138	599.975	-436.269	399.673
1124	5.61500	436.887	-437.385	403.049	599.518	-436.275	399.682
1125	5.62000	437.446	-437.352	403.157	599.060	-436.178	399.920
1126	5.62500	437.961	-437.347	403.136	598.580	-436.255	399.660
1127	5.63000	438.501	-437.368	403.217	598.126	-436.312	399.757
1128	5.63500	439.047	-437.366	403.249	597.680	-436.217	399.990
1129	5.64000	439.579	-437.405	403.275	597.219	-436.313	399.647
1130	5.64500	440.141	-437.382	403.334	596.795	-436.319	399.935
1131	5.65000	440.677	-437.419	403.240	596.351	-436.279	399.937
1132	5.65500	441.265	-437.399	403.314	595.894	-436.321	399.683
1133	5.66000	441.812	-437.421	403.209	595.440	-436.356	399.793
1134	5.66500	442.356	-437.395	403.381	594.976	-436.315	399.883
1135	5.67000	442.893	-437.401	403.287	594.517	-436.325	399.832
1136	5.67500	443.495	-437.400	403.389	594.077	-436.309	399.998
1137	5.68000	444.033	-437.397	403.296	593.616	-436.290	399.885
1138	5.68500	444.583	-437.411	403.369	593.149	-436.272	399.910
1139	5.69000	445.139	-437.411	403.322	592.698	-436.237	400.049
1140	5.69500	445.710	-437.421	403.302	592.250	-436.190	400.271
1141	5.70000	446.254	-437.348	403.331	591.786	-436.187	400.091
1142	5.70500	446.796	-437.170	403.162	591.320	-436.110	400.129
1143	5.71000	447.348	-437.127	403.237	590.882	-436.109	400.056
1144	5.71500	447.889	-437.113	403.165	590.463	-436.103	400.143
1145	5.72000	448.427	-437.083	403.302	590.000	-436.250	400.105
1146	5.72500	448.956	-437.110	403.243	589.537	-436.230	400.239
1147	5.73000	449.536	-437.118	403.355	589.075	-436.300	399.900
1148	5.73500	450.055	-437.199	403.297	588.619	-436.287	399.937
1149	5.74000	450.608	-437.215	403.393	588.180	-436.260	400.353
1150	5.74500	451.157	-437.206	403.381	587.705	-436.368	399.760
1151	5.75000	451.716	-437.230	403.358	587.261	-436.262	400.010
1152	5.75500	452.263	-437.220	403.416	586.816	-436.255	400.033
1153	5.76000	452.793	-437.238	403.357	586.360	-436.304	399.845
1154	5.76500	453.368	-437.242	403.450	585.909	-436.257	399.988
1155	5.77000	453.899	-437.234	403.393	585.464	-436.241	400.010
1156	5.77500	454.468	-437.150	403.528	584.986	-436.305	399.845
1157	5.78000	454.992	-437.146	403.432	584.549	-436.238	400.282
1158	5.78500	455.562	-437.137	403.486	584.058	-436.282	399.841
1159	5.79000	456.113	-437.046	403.298	583.614	-436.269	400.132
1160	5.79500	456.657	-437.029	403.338	583.198	-436.284	400.300
1161	5.80000	457.203	-437.018	403.309	582.727	-436.244	400.000
1162	5.80500	457.736	-437.024	403.273	582.286	-436.251	400.131
1163	5.81000	458.266	-437.007	403.377	581.861	-436.204	400.334
1164	5.81500	458.786	-437.028	403.335	581.387	-436.220	399.993
1165	5.82000	459.341	-437.050	403.456	580.963	-436.250	400.017
1166	5.82500	459.882	-437.067	403.392	580.530	-436.234	400.054
1167	5.83000	460.439	-437.142	403.523	580.078	-436.251	399.953
1168	5.83500	460.977	-437.160	403.439	579.646	-436.240	400.254
1169	5.84000	461.553	-437.165	403.467	579.150	-436.237	399.958
1170	5.84500	462.102	-437.159	403.459	578.713	-436.238	400.153
1171	5.85000	462.627	-437.165	403.457	578.251	-436.235	400.087
1172	5.85500	463.198	-437.091	403.528	577.804	-436.193	400.516
1173	5.86000	463.712	-437.116	403.448	577.336	-436.377	399.972
1174	5.86500	464.269	-437.108	403.590	576.900	-436.358	399.969
1175	5.87000	464.803	-437.124	403.487	576.467	-436.196	400.149
1176	5.87500	465.376	-437.131	403.586	576.017	-436.376	399.968
1177	5.88000	465.913	-437.130	403.501	575.551	-436.341	400.041
1178	5.88500	466.462	-437.111	403.585	575.131	-436.326	400.107
1179	5.89000	466.999	-437.102	403.591	574.649	-436.415	399.944
1180	5.89500	467.545	-437.095	403.568	574.197	-436.404	400.067
1181	5.90000	468.083	-436.981	403.537	573.782	-436.313	400.181
1182	5.90500	468.588	-436.969	403.471	573.299	-436.368	399.980
1183	5.91000	469.137	-436.977	403.558	572.870	-436.370	400.321
1184	5.91500	469.673	-436.977	403.549	572.423	-436.312	400.091
1185	5.92000	470.199	-436.984	403.642	571.967	-436.354	400.371
1186	5.92500	470.737	-436.998	403.563	571.519	-436.373	400.158
1187	5.93000	471.293	-437.007	403.621	571.050	-436.357	400.172
1188	5.93500	471.848	-437.009	403.588	570.598	-436.353	400.097
1189	5.94000	472.371	-436.995	403.570	570.192	-436.334	400.417
1190	5.94500	472.930	-436.974	403.646	569.723	-436.302	400.231
1191	5.95000	473.477	-436.983	403.554	569.283	-436.319	399.966
1192	5.95500	474.020	-436.961	403.693	568.854	-436.333	400.505
1193	5.96000	474.534	-436.972	403.617	568.410	-436.221	400.698
1194	5.96500	475.094	-436.957	403.714	567.948	-436.244	400.476
1195	5.97000	475.646	-436.980	403.663	567.497	-436.245	400.420
1196	5.97500	476.174	-436.973	403.686	567.067	-436.259	400.144
1197	5.98000	476.723	-436.995	403.706	566.630	-436.207	400.303
1198	5.98500	477.272	-437.002	403.635	566.196	-436.243	400.360
1199	5.99000	477.835	-436.998	403.754	565.760	-436.224	400.161
1200	5.99500	478.306	-437.003	403.707	565.289	-436.259	400.172
1201	6.00000	478.869	-437.003	403.828	564.865	-436.221	400.360
1202	6.00500	479.388	-437.031	403.795	564.417	-436.191	400.351
1203	6.01000	479.912	-436.944	403.764	563.954	-436.172	400.469
1204	6.01500	480.457	-436.980	403.748	563.521	-436.160	400.531
1205	6.02000	481.008	-436.979	403.681	563.040	-436.308	400.432
1206	6.02500	481.571	-436.956	403.712	562.578	-436.208	400.339
1207	6.03000	482.092	-436.953	403.681	562.165	-436.134	400.695
1208	6.03500	482.640	-436.897	403.775	561.699	-436.141	400.397
1209	6.04000	483.175	-436.925	403.680	561.245	-436.379	399.882
1210	6.04500	483.722	-436.892	403.774	560.846	-436.125	400.728
1211	6.05000	484.241	-436.920	403.742	560.409	-436.112	400.532
1212	6.05500	484.780	-436.908	403.778	559.943	-436.359	400.008
1213	6.06000	485.327	-436.913	403.782	559.538	-436.343	400.505
1214	6.06500	485.843	-436.925	403.730	559.102	-436.229	400.470
1215	6.07000	486.390	-436.896	403.826	558.625	-436.343	400.260
1216	6.07500	486.936	-436.928	403.739	558.226	-436.240	400.784
1217	6.08000	487.473	-436.897	403.847	557.768	-436.253	400.476
1218	6.08500	487.982	-436.909	403.828	557.303	-436.299	400.592
1219	6.09000	488.532	-436.899	403.855	556.889	-436.276	400.591
1220	6.09500	489.060	-436.916	403.905	556.406	-436.258	400.403
1221	6.10000	489.579	-436.943	403.877	555.983	-436.260	400.611
1222	6.10500	490.107	-436.935	404.019	555.545	-436.263	400.771
1223	6.11000	490.649	-436.999	403.897	555.078	-436.227	400.655
1224	6.11500	491.180	-436.970	404.060	554.640	-436.305	400.500
1225	6.12000	491.709	-436.914	403.892	554.193	-436.276	400.848
1226	6.12500	492.264	-436.906	403.869	553.720	-436.296	400.494
1227	6.13000	492.813	-436.895	403.897	553.347	-436.402	400.456
1228	6.13500	493.330	-436.860	403.830	552.855	-436.273	400.800
1229	6.14000	493.864	-436.804	403.923	552.411	-436.299	400.544
1230	6.14500	494.401	-436.829	403.851	551.966	-436.347	400.617
1231	6.15000	494.937	-436.784	403.963	551.617	-436.342	400.543
1232	6.15500	495.450	-436.811	403.896	551.112	-436.242	400.546
1233	6.16000	496.012	-436.814	403.935	550.709	-436.258	401.042
1234	6.16500	496.556	-436.812	403.924	550.272	-436.401	400.632
1235	6.17000	497.071	-436.837	403.878	549.828	-436.355	400.671
1236	6.17500	497.613	-436.808	403.941	549.400	-436.487	400.388
1237	6.18000	498.149	-436.837	403.872	548.994	-436.389	400.942
1238	6.18500	498.672	-436.810	403.978	548.516	-436.406	400.704
1239	6.19000	499.157	-436.847	403.969	548.060	-436.466	400.636
1240	6.19500	499.695	-436.866	404.013	547.641	-436.527	400.433
1241	6.20000	500.221	-436.876	404.050	547.167	-436.424	400.696
1242	6.20500	500.736	-436.923	404.007	546.703	-436.568	400.679
1243	6.21000	501.280	-436.905	404.092	546.278	-436.578	400.835
1244	6.21500	501.826	-436.940	404.014	545.839	-436.546	400.805
1245	6.22000	502.372	-436.901	404.119	545.395	-436.565	400.726
1246	6.22500	502.873	-436.813	404.009	544.979	-436.568	400.867
1247	6.23000	503.403	-436.805	403.974	544.511	-436.543	400.757
1248	6.23500	503.954	-436.773	404.028	544.085	-436.558	400.770
1249	6.24000	504.456	-436.783	403.957	543.662	-436.523	400.960
1250	6.24500	505.010	-436.763	404.052	543.233	-436.480	400.912
1251	6.25000	505.534	-436.788	403.977	542.810	-436.492	400.672
1252	6.25500	506.071	-436.759	404.004	542.313	-436.375	400.918
1253	6.26000	506.584	-436.733	404.035	541.982	-436.293	400.800
1254	6.26500	507.123	-436.745	403.989	541.571	-436.265	400.846
1255	6.27000	507.666	-436.703	404.078	541.121	-436.260	400.691
1256	6.27500	508.167	-436.731	404.008	540.704	-436.278	400.675
1257	6.28000	508.701	-436.707	404.129	540.242	-436.301	400.531
1258	6.28500	509.213	-436.723	404.048	539.835	-436.290	400.620
1259	6.29000	509.733	-436.746	404.161	539.455	-436.356	400.643
1260	6.29500	510.245	-436.707	404.285	538.891	-436.472	400.397
1261	6.30000	510.783	-436.703	404.361	537.585	-438.484	390.370
1262	6.30500	511.317	-436.727	404.365	538.057	-436.455	401.198
1263	6.31000	511.815	-436.771	404.277	537.667	-436.396	401.490
1264	6.31500	512.358	-436.762	404.388	537.261	-436.320	402.135
1265	6.32000	514.182	-434.490	416.235	536.383	-437.460	397.018
1266	6.32500	0.000	0.000	0.000	535.517	-438.508	391.971
1267	6.33000	0.000	0.000	0.000	535.146	-438.152	392.825
1268	6.33500	0.000	0.000	0.000	535.164	-438.007	392.884
1269	6.34000	0.000	0.000	0.000	535.444	-438.020	392.361
1270	6.34500	0.000	0.000	0.000	535.709	-438.021	392.202
1271	6.35000	0.000	0.000	0.000	535.988	-438.067	392.073
1272	6.35500	0.000	0.000	0.000	536.206	-438.243	391.690
1273	6.36000	0.000	0.000	0.000	536.409	-438.440	391.793
1274	6.36500	0.000	0.000	0.000	536.702	-438.493	391.801
1275	6.37000	0.000	0.000	0.000	537.878	-436.676	401.918
1276	6.37500	0.000	0.000	0.000	538.159	-436.671	401.970
1277	6.38000	0.000	0.000	0.000	537.558	-438.512	391.470
1278	6.38500	0.000	0.000	0.000	536.613	-441.060	377.187
1279	6.39000	0.000	0.000	0.000	536.832	-441.082	376.712
1280	6.39500	0.000	0.000	0.000	538.274	-438.350	390.928
1281	6.40000	0.000	0.000	0.000	538.545	-438.255	391.087
1282	6.40500	0.000	0.000	0.000	538.797	-438.257	391.036
1283	6.41000	511.553	-436.426	404.218	539.883	-436.496	400.683
1284	6.41500	511.359	-436.502	404.258	540.204	-436.607	400.541
1285	6.42000	511.173	-436.651	404.301	540.502	-436.672	400.392
1286	6.42500	510.959	-436.685	404.249	540.818	-436.656	400.586
1287	6.43000	510.785	-436.718	404.149	541.105	-436.663	400.717
1288	6.43500	510.642	-436.712	404.107	541.378	-436.639	400.666
1289	6.44000	510.460	-436.687	404.131	541.565	-436.598	400.545
1290	6.44500	510.291	-436.661	404.164	541.846	-436.508	400.571
1291	6.45000	510.129	-436.676	404.166	542.148	-436.294	400.711
1292	6.45500	509.965	-436.689	404.148	542.407	-436.282	400.628
1293	6.46000	509.775	-436.727	404.112	542.705	-436.287	400.615
1294	6.46500	509.564	-436.769	404.101	542.976	-436.296	400.542
1295	6.47000	509.387	-436.796	404.076	543.238	-436.275	400.640
1296	6.47500	509.225	-436.820	404.079	543.530	-436.289	400.546
1297	6.48000	509.043	-436.849	404.106	543.801	-436.324	400.784
1298	6.48500	508.872	-436.895	404.142	544.049	-436.506	400.893
1299	6.49000	508.705	-436.916	404.104	544.317	-436.556	400.650
1300	6.49500	508.549	-436.961	404.055	544.570	-436.536	400.625
1301	6.50000	508.370	-436.959	404.008	544.879	-436.545	400.753
1302	6.50500	508.163	-436.953	404.016	545.155	-436.544	400.758
1303	6.51000	507.993	-436.946	404.050	545.414	-436.491	400.673
1304	6.51500	507.833	-436.944	404.072	545.731	-436.345	400.563
1305	6.52000	507.661	-436.934	404.085	546.015	-436.247	400.617
1306	6.52500	507.469	-436.912	404.121	546.314	-436.261	400.779
1307	6.53000	507.280	-436.894	404.085	546.599	-436.385	400.638
1308	6.53500	507.097	-436.880	403.996	546.844	-436.394	400.372
1309	6.54000	506.947	-436.806	403.985	547.131	-436.359	400.179
1310	6.54500	506.779	-436.753	404.017	547.435	-436.317	400.541
1311	6.55000	506.598	-436.687	404.043	547.726	-436.348	400.911
1312	6.55500	506.458	-436.651	404.020	548.022	-436.295	400.686
1313	6.56000	506.299	-436.628	404.042	548.246	-436.393	400.326
1314	6.56500	506.109	-436.633	404.007	548.559	-436.287	400.620
1315	6.57000	505.908	-436.639	403.964	548.870	-436.162	400.719
1316	6.57500	505.723	-436.639	403.970	549.144	-436.229	401.037
1317	6.58000	505.527	-436.621	403.968	549.395	-436.265	400.544
1318	6.58500	505.368	-436.606	403.990	549.649	-436.275	400.228
1319	6.59000	505.147	-436.584	404.084	549.953	-436.168	400.731
1320	6.59500	504.975	-436.574	404.098	550.234	-436.195	400.649
1321	6.60000	504.829	-436.576	404.036	550.498	-436.233	400.651
1322	6.60500	504.650	-436.579	403.989	550.765	-436.305	400.383
1323	6.61000	504.451	-436.568	403.966	551.082	-436.218	400.602
1324	6.61500	504.279	-436.558	403.980	551.340	-436.248	400.521
1325	6.62000	504.107	-436.544	403.994	551.652	-436.259	400.538
1326	6.62500	503.937	-436.540	404.028	551.896	-436.266	400.408
1327	6.63000	503.755	-436.538	404.053	552.165	-436.270	400.317
1328	6.63500	503.562	-436.578	403.999	552.484	-436.252	400.420
1329	6.64000	503.390	-436.625	403.921	552.781	-436.216	400.702
1330	6.64500	503.215	-436.645	403.915	553.064	-436.277	400.504
1331	6.65000	503.032	-436.647	403.941	553.346	-436.280	400.579
1332	6.65500	502.831	-436.660	404.010	553.609	-436.287	400.386
1333	6.66000	502.645	-436.687	404.017	553.925	-436.264	400.624
1334	6.66500	502.470	-436.712	404.012	554.197	-436.236	400.890
1335	6.67000	502.270	-436.751	403.990	554.479	-436.250	400.808
1336	6.67500	502.086	-436.892	404.055	554.750	-436.275	400.584
1337	6.68000	501.920	-436.930	404.020	555.010	-436.273	400.506
1338	6.68500	501.733	-436.960	404.008	555.313	-436.269	400.738
1339	6.69000	501.561	-436.977	404.025	555.591	-436.317	400.791
1340	6.69500	501.368	-436.968	404.063	555.862	-436.338	400.545
1341	6.70000	501.201	-436.993	404.027	556.168	-436.294	400.798
1342	6.70500	501.024	-437.006	404.001	556.441	-436.318	400.592
1343	6.71000	500.832	-437.027	403.947	556.731	-436.315	400.635
1344	6.71500	500.645	-437.011	403.932	557.040	-436.348	400.632
1345	6.72000	500.463	-436.995	403.958	557.317	-436.337	400.469
1346	6.72500	500.279	-436.959	403.964	557.622	-436.295	400.368
1347	6.73000	500.099	-436.949	404.009	557.908	-436.309	400.524
1348	6.73500	499.904	-436.942	404.027	558.212	-436.340	400.617
1349	6.74000	499.716	-436.949	404.012	558.481	-436.379	400.349
1350	6.74500	499.532	-436.952	403.926	558.752	-436.384	400.281
1351	6.75000	499.337	-436.940	403.944	559.053	-436.346	400.295
1352	6.75500	499.146	-436.909	403.983	559.336	-436.378	400.589
1353	6.76000	498.975	-436.876	403.998	559.630	-436.404	400.715
1354	6.76500	498.796	-436.848	404.045	559.908	-436.419	400.396
1355	6.77000	498.608	-436.846	404.031	560.171	-436.372	400.344
1356	6.77500	498.406	-436.852	403.990	560.474	-436.410	400.240
1357	6.78000	498.226	-436.839	403.924	560.774	-436.362	400.787
1358	6.78500	498.052	-436.813	403.919	561.042	-436.432	400.518
1359	6.79000	497.862	-436.770	403.976	561.312	-436.437	400.053
1360	6.79500	497.670	-436.742	404.014	561.599	-436.359	400.196
1361	6.80000	497.498	-436.719	404.029	561.914	-436.172	400.365
1362	6.80500	497.321	-436.728	404.003	562.206	-436.345	400.523
1363	6.81000	497.129	-436.731	403.950	562.482	-436.219	400.285
1364	6.81500	496.937	-436.734	403.896	562.790	-436.273	400.084
1365	6.82000	496.786	-436.710	403.888	563.085	-436.186	400.352
1366	6.82500	496.625	-436.688	403.891	563.400	-436.174	400.238
1367	6.83000	496.430	-436.672	403.909	563.673	-436.209	400.211
1368	6.83500	496.235	-436.661	403.928	563.983	-436.176	400.570
1369	6.84000	496.037	-436.684	403.927	564.262	-436.245	400.092
1370	6.84500	495.845	-436.691	403.874	564.546	-436.224	400.411
1371	6.85000	495.615	-436.711	403.889	564.840	-436.226	400.520
1372	6.85500	495.419	-436.722	403.908	565.114	-436.272	400.137
1373	6.86000	495.249	-436.728	403.945	565.371	-436.286	400.220
1374	6.86500	495.065	-436.736	403.953	565.691	-436.232	400.350
1375	6.87000	494.867	-436.755	403.953	565.958	-436.220	400.399
1376	6.87500	494.654	-436.790	403.925	566.238	-436.267	400.297
1377	6.88000	494.475	-436.820	403.882	566.529	-436.288	400.186
1378	6.88500	494.292	-436.830	403.910	566.821	-436.236	400.434
1379	6.89000	494.093	-436.862	403.909	567.149	-436.227	400.351
1380	6.89500	493.910	-436.872	403.936	567.423	-436.258	400.324
1381	6.90000	493.743	-436.887	403.900	567.726	-436.294	400.239
1382	6.90500	493.554	-436.921	403.887	568.041	-436.252	400.307
1383	6.91000	493.347	-436.949	403.806	568.343	-436.217	400.543
1384	6.91500	493.170	-437.077	403.930	568.658	-436.258	400.647
1385	6.92000	492.985	-437.090	403.938	568.918	-436.270	400.392
1386	6.92500	492.802	-437.083	403.966	569.232	-436.265	400.459
1387	6.93000	492.608	-437.071	403.986	569.494	-436.266	400.028
1388	6.93500	492.410	-437.076	403.985	569.798	-436.245	400.305
1389	6.94000	492.226	-437.097	403.903	570.092	-436.278	400.255
1390	6.94500	492.024	-437.107	403.863	570.370	-436.315	400.115
1391	6.95000	491.819	-437.111	403.895	570.661	-436.318	399.983
1392	6.95500	491.627	-437.089	403.935	570.952	-436.337	399.853
1393	6.96000	491.445	-437.072	403.963	571.241	-436.337	400.299
1394	6.96500	491.251	-437.052	403.983	571.535	-436.351	400.230
1395	6.97000	491.038	-437.051	403.954	571.816	-436.332	400.333
1396	6.97500	490.846	-437.053	403.902	572.077	-436.369	399.877
1397	6.98000	490.649	-437.031	403.900	572.405	-436.269	400.158
1398	6.98500	490.454	-437.001	403.919	572.712	-436.294	400.539
1399	6.99000	490.244	-436.958	404.000	572.992	-436.360	400.018
1400	6.99500	490.060	-436.925	404.006	573.287	-436.346	399.951
1401	7.00000	489.872	-436.900	403.992	573.603	-436.303	400.060
1402	7.00500	489.667	-436.894	403.931	573.886	-436.308	399.983
1403	7.01000	489.468	-436.883	403.911	574.161	-436.282	399.961
1404	7.01500	489.273	-436.867	403.930	574.441	-436.379	399.679
1405	7.02000	489.101	-436.857	403.947	574.719	-436.308	399.899
1406	7.02500	488.899	-436.828	403.998	575.042	-436.133	400.063
1407	7.03000	488.699	-436.826	403.978	575.360	-436.134	400.214
1408	7.03500	488.515	-436.842	403.896	575.654	-436.144	400.148
1409	7.04000	488.330	-436.854	403.814	575.970	-436.328	400.152
1410	7.04500	488.125	-436.845	403.846	576.267	-436.170	400.256
1411	7.05000	487.920	-436.850	403.879	576.565	-436.185	400.271
1412	7.05500	487.739	-436.834	403.908	576.835	-436.342	400.037
1413	7.06000	487.533	-436.838	403.940	577.122	-436.232	400.191
1414	7.06500	487.321	-436.855	403.914	577.428	-436.245	400.134
1415	7.07000	487.113	-436.879	403.836	577.707	-436.190	400.176
1416	7.07500	486.944	-436.906	403.782	578.031	-436.197	400.253
1417	7.08000	486.745	-436.924	403.782	578.324	-436.222	400.163
1418	7.08500	486.555	-436.907	403.841	578.621	-436.231	400.138
1419	7.09000	486.368	-436.891	403.830	578.940	-436.200	400.313
1420	7.09500	486.198	-436.894	403.774	579.214	-436.223	400.089
1421	7.10000	485.972	-436.884	403.737	579.511	-436.237	400.064
1422	7.10500	485.772	-436.891	403.717	579.814	-436.253	400.184
1423	7.11000	485.584	-436.902	403.706	580.106	-436.266	400.074
1424	7.11500	485.392	-436.892	403.747	580.399	-436.258	399.968
1425	7.12000	485.186	-436.915	403.781	580.722	-436.249	400.470
1426	7.12500	484.978	-436.940	403.795	581.016	-436.291	400.181
1427	7.13000	484.797	-436.968	403.735	581.308	-436.299	400.072
1428	7.13500	484.606	-437.004	403.706	581.608	-436.302	400.112
1429	7.14000	484.396	-437.023	403.701	581.905	-436.316	400.110
1430	7.14500	484.204	-437.009	403.742	582.180	-436.296	400.332
1431	7.15000	484.013	-437.074	403.792	582.465	-436.297	400.057
1432	7.15500	483.825	-437.002	403.773	582.761	-436.291	400.033
1433	7.16000	483.609	-437.003	403.726	583.039	-436.297	399.853
1434	7.16500	483.416	-437.014	403.675	583.358	-436.297	400.313
1435	7.17000	483.206	-437.005	403.667	583.641	-436.324	400.257
1436	7.17500	483.010	-436.984	403.685	583.934	-436.320	399.885
1437	7.18000	482.798	-436.943	403.748	584.242	-436.340	399.891
1438	7.18500	482.610	-436.927	403.736	584.546	-436.361	400.036
1439	7.19000	482.411	-436.893	403.716	584.845	-436.357	400.054
1440	7.19500	482.208	-436.875	403.676	585.153	-436.341	400.020
1441	7.20000	482.011	-436.857	403.676	585.438	-436.359	399.763
1442	7.20500	481.811	-436.846	403.658	585.745	-436.277	400.156
1443	7.21000	481.618	-436.827	403.698	586.040	-436.352	399.886
1444	7.21500	481.413	-436.822	403.731	586.339	-436.346	399.926
1445	7.22000	481.206	-436.812	403.745	586.631	-436.371	399.797
1446	7.22500	481.008	-436.837	403.656	586.953	-436.300	400.063
1447	7.23000	480.800	-436.844	403.671	587.255	-436.270	400.391
1448	7.23500	480.585	-436.856	403.716	587.537	-436.285	400.053
1449	7.24000	480.378	-436.845	403.731	587.829	-436.377	399.985
1450	7.24500	480.196	-436.837	403.760	588.131	-436.346	400.070
1451	7.25000	479.996	-436.822	403.743	588.436	-436.327	400.237
1452	7.25500	479.783	-436.834	403.716	588.738	-436.325	400.058
1453	7.26000	479.580	-436.839	403.679	589.031	-436.421	399.743
1454	7.26500	479.394	-436.847	403.687	589.337	-436.366	399.913
1455	7.27000	479.190	-436.852	403.739	589.650	-436.296	400.232
1456	7.27500	478.984	-436.842	403.770	589.923	-436.323	399.944
1457	7.28000	478.804	-436.942	403.857	590.189	-436.272	399.996
1458	7.28500	478.609	-436.947	403.787	590.484	-436.089	400.095
1459	7.29000	478.403	-436.963	403.730	590.793	-436.056	400.099
1460	7.29500	478.202	-436.992	403.713	591.111	-436.069	400.031
1461	7.30000	478.020	-436.994	403.743	591.404	-436.099	399.964
1462	7.30500	477.825	-436.991	403.766	591.717	-436.075	400.041
1463	7.31000	477.615	-436.996	403.761	591.989	-436.061	399.979
1464	7.31500	477.400	-437.007	403.717	592.292	-436.087	400.125
1465	7.32000	477.194	-437.032	403.661	592.551	-436.147	400.056
1466	7.32500	476.994	-437.057	403.645	592.877	-436.195	399.926
1467	7.33000	476.801	-437.088	403.690	593.188	-436.202	399.983
1468	7.33500	476.608	-437.169	403.721	593.506	-436.213	399.939
1469	7.34000	476.430	-437.177	403.700	593.788	-436.254	399.882
1470	7.34500	476.215	-437.179	403.656	594.103	-436.289	400.060
1471	7.35000	475.989	-437.191	403.623	594.405	-436.278	399.881
1472	7.35500	475.801	-437.179	403.613	594.686	-436.260	399.746
1473	7.36000	475.605	-437.097	403.626	595.017	-436.251	399.707
1474	7.36500	475.397	-437.072	403.639	595.266	-436.192	399.925
1475	7.37000	475.192	-437.040	403.672	595.595	-436.038	399.788
1476	7.37500	474.986	-437.043	403.614	595.909	-436.024	399.611
1477	7.38000	474.780	-437.045	403.557	596.211	-436.007	399.740
1478	7.38500	474.570	-437.027	403.550	596.536	-436.002	399.864
1479	7.39000	474.367	-437.002	403.603	596.824	-436.033	399.653
1480	7.39500	474.175	-437.001	403.645	597.131	-436.025	399.580
1481	7.40000	473.957	-436.974	403.671	597.422	-436.053	399.742
1482	7.40500	473.752	-436.986	403.616	597.787	-436.091	399.752
1483	7.41000	473.549	-436.987	403.580	598.009	-436.171	399.929
1484	7.41500	473.334	-437.001	403.537	598.328	-436.319	399.649
1485	7.42000	473.121	-436.992	403.603	598.622	-436.233	399.837
1486	7.42500	472.929	-436.987	403.647	598.934	-436.229	399.913
1487	7.43000	472.735	-436.980	403.670	599.253	-436.274	399.934
1488	7.43500	472.522	-436.969	403.645	599.536	-436.352	399.571
1489	7.44000	472.304	-436.968	403.581	599.845	-436.376	399.604
1490	7.44500	472.093	-436.964	403.576	600.151	-436.306	399.820
1491	7.45000	471.898	-436.933	403.596	600.471	-436.312	399.821
1492	7.45500	471.695	-436.907	403.649	600.768	-436.335	399.862
1493	7.46000	471.499	-436.899	403.670	601.055	-436.396	399.605
1494	7.46500	471.296	-436.881	403.633	601.354	-436.298	399.937
1495	7.47000	471.068	-436.878	403.580	601.650	-436.257	399.890
1496	7.47500	470.862	-436.875	403.524	601.955	-436.269	399.790
1497	7.48000	470.669	-436.856	403.566	602.268	-436.283	399.617
1498	7.48500	470.464	-436.865	403.601	602.484	-436.283	399.583
1499	7.49000	470.249	-436.854	403.648	602.874	-436.112	399.866
1500	7.49500	470.043	-436.880	403.595	603.142	-436.229	399.736
1501	7.50000	469.837	-436.910	403.541	603.433	-436.288	399.614
1502	7.50500	469.636	-436.930	403.526	603.730	-436.302	399.620
1503	7.51000	469.421	-436.936	403.574	604.078	-436.341	399.820
1504	7.51500	469.225	-436.974	403.598	604.393	-436.215	399.929
1505	7.52000	469.020	-436.987	403.634	604.689	-436.379	399.655
1506	7.52500	468.806	-437.026	403.612	605.004	-436.440	399.548
1507	7.53000	468.578	-437.119	403.568	605.315	-436.432	399.645
1508	7.53500	468.399	-437.159	403.549	605.615	-436.436	399.754
1509	7.54000	468.226	-437.234	403.676	605.935	-436.271	399.993
1510	7.54500	468.017	-437.066	403.575	606.225	-436.298	399.799
1511	7.55000	467.817	-437.045	403.558	606.521	-436.294	399.757
1512	7.55500	467.610	-437.034	403.501	606.796	-436.201	399.756
1513	7.56000	467.403	-437.109	403.553	607.188	-436.124	399.825
1514	7.56500	467.182	-437.102	403.560	607.450	-436.072	399.805
1515	7.57000	466.977	-437.105	403.595	607.744	-436.067	399.701
1516	7.57500	466.788	-437.129	403.588	608.051	-436.035	399.630
1517	7.58000	466.583	-437.129	403.624	608.358	-436.024	399.601
1518	7.58500	466.374	-437.134	403.550	608.671	-436.051	399.786
1519	7.59000	466.169	-437.137	403.497	608.958	-436.067	399.447
1520	7.59500	465.971	-437.132	403.501	609.260	-436.076	399.650
1521	7.60000	465.756	-437.116	403.549	609.570	-436.051	399.707
1522	7.60500	465.552	-437.103	403.585	609.858	-436.088	399.829
1523	7.61000	465.355	-437.103	403.591	610.229	-436.196	399.719
1524	7.61500	465.139	-437.117	403.549	610.519	-436.191	399.469
1525	7.62000	464.912	-437.189	403.507	610.842	-436.178	399.561
1526	7.62500	464.714	-437.193	403.512	611.145	-436.127	399.781
1527	7.63000	464.518	-437.199	403.536	611.397	-436.030	399.754
1528	7.63500	464.303	-437.173	403.582	611.708	-436.104	399.515
1529	7.64000	464.104	-437.066	403.577	612.018	-436.098	399.593
1530	7.64500	463.895	-437.057	403.502	612.345	-436.006	399.792
1531	7.65000	463.679	-437.026	403.458	612.652	-435.993	399.761
1532	7.65500	463.461	-436.998	403.484	612.959	-436.003	399.733
1533	7.66000	463.268	-436.983	403.527	613.249	-436.007	399.478
1534	7.66500	463.073	-436.980	403.551	613.561	-435.979	399.623
1535	7.67000	462.862	-436.966	403.548	613.881	-435.984	399.649
1536	7.67500	462.641	-436.977	403.468	614.175	-435.999	399.568
1537	7.68000	462.431	-436.981	403.465	614.481	-436.028	399.517
1538	7.68500	462.233	-436.990	403.471	614.789	-436.034	399.533
1539	7.69000	462.028	-436.999	403.509	615.087	-436.044	399.624
1540	7.69500	461.822	-437.007	403.545	615.395	-436.046	399.620
1541	7.70000	461.622	-437.009	403.532	615.678	-436.047	399.530
1542	7.70500	461.420	-437.038	403.429	615.995	-436.101	399.488
1543	7.71000	461.197	-437.047	403.420	616.281	-436.114	399.572
1544	7.71500	460.981	-437.109	403.457	616.593	-436.082	399.719
1545	7.72000	460.804	-437.057	403.451	616.908	-436.101	399.551
1546	7.72500	460.593	-437.113	403.526	617.214	-436.110	399.479
1547	7.73000	460.372	-437.120	403.535	617.530	-436.152	399.394
1548	7.73500	460.165	-437.065	403.403	617.851	-436.140	399.442
1549	7.74000	459.961	-437.051	403.368	618.171	-435.943	399.815
1550	7.74500	459.763	-437.028	403.372	618.488	-435.974	399.752
1551	7.75000	459.560	-437.029	403.428	618.792	-435.979	399.574
1552	7.75500	459.355	-437.019	403.464	619.104	-436.125	399.420
1553	7.76000	459.147	-437.060	403.411	619.423	-435.951	399.771
1554	7.76500	458.915	-437.068	403.342	619.727	-435.977	399.634
1555	7.77000	458.714	-437.079	403.329	620.033	-436.004	399.607
1556	7.77500	458.516	-437.101	403.336	620.338	-436.001	399.474
1557	7.78000	458.315	-437.187	403.402	620.638	-436.021	399.675
1558	7.78500	458.099	-437.224	403.452	620.945	-436.040	399.671
1559	7.79000	457.896	-437.298	403.424	621.229	-436.065	399.647
1560	7.79500	457.676	-437.392	403.472	621.522	-436.105	399.567
1561	7.80000	457.458	-437.387	403.501	621.829	-436.142	399.586
1562	7.80500	457.263	-437.378	403.526	622.139	-436.128	399.671
1563	7.81000	457.056	-437.268	403.436	622.500	-436.243	399.662
1564	7.81500	456.846	-437.254	403.434	622.804	-436.215	399.396
1565	7.82000	456.642	-437.254	403.400	623.034	-436.134	399.442
1566	7.82500	456.441	-437.210	403.312	623.354	-436.100	399.469
1567	7.83000	456.256	-437.275	403.431	623.673	-436.145	399.535
1568	7.83500	456.071	-437.186	403.455	623.990	-436.098	399.391
1569	7.84000	455.863	-437.151	403.470	624.307	-436.136	399.286
1570	7.84500	455.655	-437.130	403.487	624.627	-436.101	399.337
1571	7.85000	455.419	-437.117	403.470	624.923	-436.096	399.345
1572	7.85500	455.199	-437.106	403.409	625.252	-436.129	399.296
1573	7.86000	454.979	-437.100	403.420	625.547	-436.136	399.260
1574	7.86500	454.797	-437.101	403.454	625.853	-436.166	399.213
1575	7.87000	454.591	-437.114	403.492	626.178	-436.085	399.527
1576	7.87500	454.383	-437.129	403.511	626.475	-436.086	399.580
1577	7.88000	454.181	-437.161	403.410	626.774	-436.173	399.183
1578	7.88500	453.963	-437.165	403.353	627.071	-436.173	399.191
1579	7.89000	453.739	-437.231	403.422	627.372	-436.086	399.464
1580	7.89500	453.521	-437.231	403.452	627.682	-436.038	399.551
1581	7.90000	453.326	-437.232	403.479	627.987	-436.077	399.461
1582	7.90500	453.135	-437.259	403.455	628.304	-436.089	399.401
1583	7.91000	452.886	-437.288	403.435	628.613	-436.081	399.485
1584	7.91500	452.696	-437.255	403.336	628.932	-436.080	399.559
1585	7.92000	452.498	-437.240	403.343	629.239	-436.083	399.534
1586	7.92500	452.295	-437.231	403.398	629.545	-436.094	399.423
1587	7.93000	452.080	-437.219	403.447	629.863	-436.103	399.450
1588	7.93500	451.884	-437.159	403.395	630.193	-436.092	399.402
1589	7.94000	451.678	-437.165	403.273	630.510	-436.103	399.301
1590	7.94500	451.457	-437.136	403.284	630.818	-436.064	399.345
1591	7.95000	451.263	-437.128	403.310	631.136	-436.102	399.328
1592	7.95500	451.064	-437.145	403.317	631.430	-436.076	399.164
1593	7.96000	450.846	-437.145	403.349	631.739	-436.101	399.359
1594	7.96500	450.624	-437.243	403.349	632.063	-435.933	399.529
1595	7.97000	450.414	-437.253	403.280	632.351	-436.088	399.117
1596	7.97500	450.202	-437.294	403.266	632.652	-435.937	399.375
1597	7.98000	449.968	-437.282	403.340	632.943	-436.083	399.180
1598	7.98500	449.753	-437.280	403.390	633.255	-435.942	399.406
1599	7.99000	449.567	-437.278	403.405	633.562	-435.985	399.468
1600	7.99500	449.340	-437.295	403.378	633.857	-435.951	399.349
1601	8.00000	449.108	-437.289	403.312	634.164	-435.947	399.348
1602	8.00500	448.904	-437.284	403.281	634.459	-435.956	399.335
1603	8.01000	448.712	-437.268	403.327	634.767	-435.951	399.357
1604	8.01500	448.507	-437.249	403.365	635.084	-435.966	399.301
1605	8.02000	448.306	-437.242	403.352	635.401	-435.994	399.241
1606	8.02500	448.101	-437.212	403.245	635.709	-435.980	399.262
1607	8.03000	447.909	-437.144	403.143	636.008	-435.883	399.451
1608	8.03500	447.697	-437.130	403.142	636.322	-435.977	399.195
1609	8.04000	447.501	-437.125	403.167	636.606	-435.978	399.150
1610	8.04500	447.289	-437.105	403.236	636.924	-435.985	399.115
1611	8.05000	447.068	-437.111	403.248	637.233	-435.918	399.272
1612	8.05500	446.848	-437.137	403.191	637.551	-435.941	399.283
1613	8.06000	446.644	-437.155	403.162	637.865	-436.051	399.070
1614	8.06500	446.426	-437.220	403.183	638.172	-436.065	399.092
1615	8.07000	446.214	-437.279	403.258	638.493	-435.991	399.281
1616	8.07500	446.009	-437.296	403.298	638.776	-436.005	399.282
1617	8.08000	445.794	-437.316	403.279	639.081	-436.087	399.170
1618	8.08500	445.574	-437.315	403.222	639.375	-436.117	399.049
1619	8.09000	445.351	-437.302	403.216	639.685	-436.042	399.339
1620	8.09500	445.154	-437.269	403.223	639.991	-436.029	399.317
1621	8.10000	444.962	-437.258	403.269	640.308	-436.054	399.129
1622	8.10500	444.762	-437.275	403.277	640.626	-436.078	399.205
1623	8.11000	444.535	-437.375	403.358	640.932	-436.092	399.183
1624	8.11500	444.337	-437.392	403.296	641.262	-436.087	399.203
1625	8.12000	444.143	-437.388	403.253	641.558	-436.073	399.239
1626	8.12500	443.930	-437.335	403.318	641.863	-436.122	399.171
1627	8.13000	443.724	-437.333	403.357	642.178	-436.217	399.002
1628	8.13500	443.523	-437.335	403.346	642.488	-436.127	399.291
1629	8.14000	443.302	-437.350	403.289	642.794	-436.126	399.226
1630	8.14500	443.069	-437.349	403.225	643.089	-436.134	399.129
1631	8.15000	442.863	-437.380	403.250	643.395	-436.172	398.953
1632	8.15500	442.661	-437.390	403.310	643.679	-436.166	399.240
1633	8.16000	442.443	-437.389	403.343	643.986	-436.150	399.221
1634	8.16500	442.212	-437.412	403.368	644.281	-436.156	399.257
1635	8.17000	441.988	-437.435	403.293	644.575	-436.191	399.093
1636	8.17500	441.772	-437.426	403.256	644.883	-436.157	399.227
1637	8.18000	441.555	-437.417	403.289	645.177	-436.190	399.128
1638	8.18500	441.349	-437.411	403.328	645.494	-436.217	399.206
1639	8.19000	441.154	-437.407	403.356	645.800	-436.228	399.164
1640	8.19500	440.936	-437.416	403.319	646.107	-436.218	399.167
1641	8.20000	440.716	-437.414	403.263	646.437	-436.206	399.013
1642	8.20500	440.522	-437.388	403.220	646.732	-436.180	399.203
1643	8.21000	440.338	-437.364	403.236	647.039	-436.178	399.160
1644	8.21500	440.132	-437.354	403.275	647.326	-435.996	399.413
1645	8.22000	439.921	-437.357	403.276	647.623	-435.907	399.268
1646	8.22500	439.722	-437.323	403.211	647.905	-436.033	399.010
1647	8.23000	439.489	-437.306	403.146	648.225	-435.924	398.918
1648	8.23500	439.272	-437.271	403.178	648.600	-435.871	399.066
1649	8.24000	439.080	-437.260	403.226	648.828	-435.871	398.937
1650	8.24500	438.872	-437.257	403.247	649.203	-435.796	399.108
1651	8.25000	438.632	-437.311	403.290	649.507	-435.914	399.041
1652	8.25500	438.406	-437.328	403.196	649.733	-435.943	399.091
1653	8.26000	438.192	-437.326	403.180	650.039	-435.967	399.140
1654	8.26500	437.975	-437.321	403.213	650.357	-435.949	399.075
1655	8.27000	437.747	-437.323	403.259	650.661	-436.044	399.073
1656	8.27500	437.539	-437.319	403.280	650.956	-436.029	399.087
1657	8.28000	437.334	-437.332	403.251	651.276	-435.875	399.239
1658	8.28500	437.100	-437.348	403.189	651.549	-435.848	399.227
1659	8.29000	436.896	-437.330	403.159	651.854	-435.937	399.108
1660	8.29500	436.718	-437.314	403.144	652.198	-435.730	399.284
1661	8.30000	436.523	-437.283	403.172	652.505	-435.711	399.220
1662	8.30500	436.323	-437.238	403.176	652.846	-435.724	399.099
1663	8.31000	436.097	-437.280	403.100	653.152	-435.723	399.166
1664	8.31500	435.903	-437.233	403.001	653.459	-435.709	399.059
1665	8.32000	435.702	-437.217	402.992	653.763	-435.892	398.833
1666	8.32500	435.483	-437.229	403.025	654.047	-435.739	399.176
1667	8.33000	435.270	-437.311	403.086	654.353	-435.770	399.046
1668	8.33500	435.039	-437.384	403.117	654.636	-435.801	399.006
1669	8.34000	434.789	-437.403	403.099	654.942	-435.789	399.056
1670	8.34500	434.555	-437.419	403.107	655.225	-435.777	399.197
1671	8.35000	434.356	-437.492	403.205	655.530	-435.817	399.201
1672	8.35500	434.141	-437.488	403.258	655.848	-435.847	399.063
1673	8.36000	433.945	-437.498	403.288	656.208	-435.951	399.021
1674	8.36500	433.727	-437.524	403.253	656.444	-435.992	399.152
1675	8.37000	433.507	-437.535	403.199	656.771	-436.084	399.093
1676	8.37500	433.286	-437.519	403.213	657.076	-436.082	399.188
1677	8.38000	433.078	-437.498	403.235	657.372	-436.074	399.113
1678	8.38500	432.873	-437.487	403.275	657.655	-436.056	399.140
1679	8.39000	432.661	-437.490	403.278	657.949	-436.067	399.236
1680	8.39500	432.446	-437.513	403.192	658.256	-436.064	399.151
1681	8.40000	432.229	-437.504	403.156	658.585	-436.065	399.084
1682	8.40500	432.038	-437.494	403.135	658.976	-436.041	398.580
1683	8.41000	431.823	-437.463	403.188	659.223	-435.981	398.940
1684	8.41500	431.628	-437.455	403.217	659.528	-435.995	399.013
1685	8.42000	431.413	-437.473	403.201	659.823	-436.049	398.916
1686	8.42500	431.179	-437.480	403.140	660.114	-436.131	398.997
1687	8.43000	430.965	-437.469	403.124	660.423	-436.138	398.673
1688	8.43500	430.748	-437.451	403.159	660.758	-436.246	398.964
1689	8.44000	430.534	-437.453	403.213	661.051	-436.240	399.050
1690	8.44500	430.306	-437.445	403.259	661.367	-436.330	398.954
1691	8.45000	430.085	-437.465	403.206	661.701	-436.305	398.606
1692	8.45500	429.864	-437.476	403.153	661.984	-436.309	398.612
1693	8.46000	429.641	-437.459	403.150	662.319	-436.313	399.006
1694	8.46500	429.436	-437.443	403.191	662.602	-436.339	398.967
1695	8.47000	429.235	-437.426	403.252	662.932	-436.294	398.864
1696	8.47500	429.020	-437.423	403.236	663.243	-436.310	398.469
1697	8.48000	428.795	-437.436	403.163	663.515	-436.302	398.462
1698	8.48500	428.578	-437.418	403.128	663.806	-436.263	398.814
1699	8.49000	428.390	-437.400	403.126	664.059	-436.130	398.712
1700	8.49500	428.195	-437.382	403.156	664.458	-436.165	398.501
1701	8.50000	427.983	-437.376	403.159	664.700	-436.034	398.478
1702	8.50500	427.785	-437.388	403.101	665.013	-435.935	398.853
1703	8.51000	427.570	-437.399	403.017	665.318	-435.916	398.927
1704	8.51500	427.359	-437.394	403.022	665.614	-435.951	398.765
1705	8.52000	427.152	-437.387	403.045	665.944	-435.874	398.776
1706	8.52500	426.938	-437.375	403.100	666.227	-435.948	398.670
1707	8.53000	426.706	-437.388	403.128	666.531	-435.992	398.765
1708	8.53500	426.458	-437.425	403.061	666.836	-435.988	398.752
1709	8.54000	426.241	-437.434	403.028	667.196	-435.936	398.943
1710	8.54500	426.039	-437.444	403.022	667.422	-435.953	398.945
1711	8.55000	425.825	-437.418	403.076	667.813	-436.111	398.390
1712	8.55500	425.626	-437.425	403.087	668.060	-435.997	398.669
1713	8.56000	425.417	-437.457	403.041	668.351	-435.828	399.074
1714	8.56500	425.182	-437.468	402.981	668.670	-435.845	398.932
1715	8.57000	424.958	-437.454	402.978	668.999	-435.836	398.893
1716	8.57500	424.753	-437.442	403.020	669.300	-436.018	398.321
1717	8.58000	424.554	-437.435	403.031	669.634	-435.866	398.793
1718	8.58500	424.351	-437.452	403.023	669.929	-435.839	398.790
1719	8.59000	424.129	-437.476	402.970	670.271	-435.846	398.605
1720	8.59500	423.918	-437.484	402.906	670.573	-436.002	398.057
1721	8.60000	423.706	-437.469	402.910	670.881	-435.842	398.665
1722	8.60500	423.493	-437.435	402.965	671.190	-435.927	398.400
1723	8.61000	423.302	-437.525	403.120	671.488	-435.909	398.220
1724	8.61500	423.064	-437.438	403.006	671.813	-435.914	397.836
1725	8.62000	422.829	-437.458	402.948	672.089	-435.783	398.301
1726	8.62500	422.605	-437.454	402.946	672.405	-435.756	398.368
1727	8.63000	422.412	-437.533	403.083	672.695	-435.844	398.496
1728	8.63500	422.205	-437.525	403.108	672.985	-435.869	398.649
1729	8.64000	421.990	-437.522	403.163	673.312	-435.873	398.155
1730	8.64500	421.774	-437.558	403.080	673.584	-435.870	398.130
1731	8.65000	421.556	-437.562	403.048	673.907	-435.872	398.362
1732	8.65500	421.345	-437.552	403.053	674.182	-435.889	398.180
1733	8.66000	421.128	-437.524	403.088	674.502	-435.930	398.018
1734	8.66500	420.930	-437.500	403.100	674.811	-435.934	398.373
1735	8.67000	420.724	-437.507	403.074	675.113	-435.847	398.589
1736	8.67500	420.502	-437.526	403.022	675.447	-435.981	398.209
1737	8.68000	420.287	-437.522	403.008	675.745	-436.026	397.981
1738	8.68500	420.098	-437.517	403.008	676.098	-435.950	397.947
1739	8.69000	419.894	-437.489	403.051	676.381	-435.755	398.122
1740	8.69500	419.673	-437.472	403.068	676.687	-435.868	398.473
1741	8.70000	419.441	-437.498	403.029	676.993	-436.006	398.365
1742	8.70500	419.216	-437.525	402.960	677.284	-436.001	397.994
1743	8.71000	418.989	-437.521	403.009	677.602	-435.913	397.997
1744	8.71500	418.762	-437.501	403.057	677.885	-435.761	398.105
1745	8.72000	418.554	-437.507	403.083	678.179	-435.997	398.376
1746	8.72500	418.333	-437.508	403.101	678.463	-436.096	398.249
1747	8.73000	418.105	-437.533	403.013	678.770	-436.153	397.662
1748	8.73500	417.890	-437.539	403.000	679.135	-435.989	398.100
1749	8.74000	417.683	-437.531	403.026	679.353	-436.008	398.446
1750	8.74500	417.471	-437.521	403.032	679.691	-436.115	397.954
1751	8.75000	417.260	-437.514	403.037	679.990	-436.076	397.796
1752	8.75500	417.041	-437.522	403.005	680.337	-436.151	397.427
1753	8.76000	416.819	-437.532	402.954	680.646	-436.037	397.812
1754	8.76500	416.608	-437.512	402.959	680.953	-435.971	398.220
1755	8.77000	416.400	-437.486	402.983	681.277	-436.117	397.851
1756	8.77500	416.192	-437.482	403.008	681.569	-436.123	397.918
1757	8.78000	415.977	-437.478	402.995	681.930	-435.963	397.224
1758	8.78500	415.761	-437.492	402.914	682.187	-436.098	398.063
1759	8.79000	415.549	-437.514	402.852	682.515	-436.138	398.027
1760	8.79500	415.344	-437.499	402.896	682.817	-436.121	397.758
1761	8.80000	415.128	-437.467	402.933	683.131	-436.238	397.379
1762	8.80500	414.917	-437.466	402.941	683.460	-435.954	397.099
1763	8.81000	414.666	-437.480	402.927	683.730	-436.082	397.466
1764	8.81500	414.434	-437.497	402.889	684.065	-436.392	397.034
1765	8.82000	414.208	-437.543	402.889	684.318	-436.074	397.467
1766	8.82500	414.000	-437.540	402.915	684.644	-436.136	397.080
1767	8.83000	413.782	-437.534	402.953	684.925	-436.023	397.976
1768	8.83500	413.563	-437.554	402.922	685.200	-436.215	398.137
1769	8.84000	413.350	-437.579	402.860	685.547	-436.305	397.444
1770	8.84500	413.132	-437.578	402.829	685.858	-436.264	396.879
1771	8.85000	412.914	-437.561	402.865	686.194	-436.124	397.087
1772	8.85500	412.700	-437.526	402.921	686.503	-436.156	396.938
1773	8.86000	412.488	-437.524	402.927	686.807	-436.134	397.346
1774	8.86500	412.262	-437.545	402.859	687.141	-436.203	396.755
1775	8.87000	412.040	-437.559	402.809	687.425	-436.114	397.123
1776	8.87500	411.844	-437.627	402.928	687.787	-435.991	396.071
1777	8.88000	411.636	-437.628	402.955	688.060	-436.065	396.353
1778	8.88500	411.419	-437.613	402.993	688.322	-435.969	397.776
1779	8.89000	411.190	-437.627	402.974	688.662	-436.151	396.578
1780	8.89500	410.958	-437.653	402.937	688.967	-436.035	395.934
1781	8.90000	410.730	-437.654	402.919	689.262	-435.903	397.022
1782	8.90500	410.523	-437.643	402.946	689.535	-435.970	397.611
1783	8.91000	410.306	-437.633	402.985	689.896	-436.074	396.905
1784	8.91500	410.091	-437.639	402.974	690.211	-436.058	396.269
1785	8.92000	409.846	-437.651	402.930	690.523	-435.901	396.131
1786	8.92500	409.640	-437.676	402.907	690.799	-435.851	397.011
1787	8.93000	409.422	-437.670	402.945	691.090	-436.124	397.329
1788	8.93500	409.195	-437.640	402.995	691.454	-436.399	396.125
1789	8.94000	408.984	-437.624	403.002	691.738	-436.046	396.573
1790	8.94500	408.761	-437.629	402.952	692.105	-436.090	395.421
1791	8.95000	408.526	-437.638	402.896	692.306	-435.797	397.246
1792	8.95500	408.318	-437.621	402.922	692.638	-436.223	396.942
1793	8.96000	408.110	-437.603	402.948	692.962	-436.117	396.435
1794	8.96500	407.902	-437.591	402.975	693.243	-436.073	396.825
1795	8.97000	407.671	-437.594	402.939	693.573	-435.859	397.156
1796	8.97500	407.445	-437.602	402.871	693.848	-436.148	397.249
1797	8.98000	407.231	-437.600	402.861	694.192	-436.072	396.173
1798	8.98500	407.039	-437.585	402.845	694.497	-436.160	396.139
1799	8.99000	406.822	-437.562	402.884	694.827	-436.081	395.805
1800	8.99500	406.601	-437.558	402.904	695.122	-436.154	396.351
1801	9.00000	406.356	-437.567	402.862	695.405	-436.081	396.370
1802	9.00500	406.128	-437.582	402.845	695.738	-436.422	396.073
1803	9.01000	405.910	-437.575	402.883	696.102	-436.305	394.253
1804	9.01500	405.693	-437.565	402.923	696.379	-436.262	395.331
1805	9.02000	405.478	-437.566	402.912	696.679	-436.173	395.507
1806	9.02500	405.256	-437.572	402.865	696.969	-436.327	396.121
1807	9.03000	405.030	-437.575	402.798	697.285	-436.263	395.863
1808	9.03500	404.821	-437.561	402.824	697.644	-436.274	394.172
1809	9.04000	404.618	-437.532	402.869	697.904	-436.101	395.712
1810	9.04500	404.397	-437.506	402.889	698.211	-436.295	395.010
1811	9.05000	404.175	-437.499	402.841	698.505	-436.447	396.368
1812	9.05500	403.949	-437.524	402.775	698.804	-436.327	395.424
1813	9.06000	403.714	-437.520	402.789	699.168	-436.264	394.836
1814	9.06500	403.506	-437.524	402.816	699.505	-436.322	394.002
1815	9.07000	403.290	-437.551	402.807	699.731	-436.309	395.414
1816	9.07500	403.065	-437.555	402.809	700.071	-436.438	395.633
1817	9.08000	402.825	-437.597	402.737	700.395	-436.402	394.617
1818	9.08500	402.606	-437.609	402.709	700.764	-436.299	393.915
1819	9.09000	402.389	-437.600	402.749	701.014	-436.337	395.236
1820	9.09500	402.163	-437.574	402.800	701.302	-436.353	395.663
1821	9.10000	401.938	-437.586	402.803	701.618	-436.430	395.619
1822	9.10500	401.712	-437.607	402.738	701.924	-436.179	395.138
1823	9.11000	401.478	-437.631	402.702	702.296	-436.216	394.075
1824	9.11500	401.272	-437.734	402.835	702.596	-436.246	393.916
1825	9.12000	401.067	-437.740	402.882	702.871	-436.460	395.095
1826	9.12500	400.846	-437.723	402.903	703.203	-436.350	393.965
1827	9.13000	400.624	-437.723	402.855	703.497	-436.244	394.017
1828	9.13500	400.388	-437.732	402.802	703.776	-436.072	395.208
1829	9.14000	400.163	-437.718	402.804	704.080	-436.145	394.689
1830	9.14500	399.964	-437.710	402.819	704.425	-436.289	393.994
1831	9.15000	399.748	-437.687	402.859	704.695	-436.313	394.018
1832	9.15500	399.529	-437.690	402.832	705.029	-436.166	393.924
1833	9.16000	399.293	-437.696	402.778	705.323	-436.130	393.949
1834	9.16500	399.078	-437.696	402.769	705.548	-436.277	395.199
1835	9.17000	398.844	-437.697	402.785	706.017	-436.234	393.820
1836	9.17500	398.636	-437.689	402.813	706.207	-436.290	393.840
1837	9.18000	398.415	-437.685	402.835	706.549	-436.109	394.053
1838	9.18500	398.180	-437.696	402.783	706.838	-436.156	393.907
1839	9.19000	397.951	-437.702	402.768	707.186	-436.237	393.905
1840	9.19500	397.720	-437.691	402.801	707.486	-436.355	393.987
1841	9.20000	397.503	-437.676	402.841	707.790	-436.269	394.030
1842	9.20500	397.292	-437.657	402.851	708.120	-436.352	393.709
1843	9.21000	397.057	-437.663	402.799	708.394	-436.253	393.912
1844	9.21500	396.831	-437.657	402.734	708.685	-436.228	394.487
1845	9.22000	396.623	-437.648	402.762	709.070	-436.187	394.025
1846	9.22500	396.415	-437.630	402.790	709.341	-436.138	393.843
1847	9.23000	396.194	-437.604	402.812	709.668	-436.010	393.886
1848	9.23500	395.955	-437.599	402.740	709.972	-436.017	393.925
1849	9.24000	395.723	-437.624	402.707	710.309	-436.029	394.195
1850	9.24500	395.523	-437.625	402.724	710.619	-436.138	393.826
1851	9.25000	395.321	-437.625	402.722	710.959	-436.114	393.810
1852	9.25500	395.113	-437.620	402.751	711.236	-436.012	393.946
1853	9.26000	394.882	-437.620	402.718	711.534	-436.055	394.298
1854	9.26500	394.642	-437.628	402.647	711.835	-436.227	394.091
1855	9.27000	394.408	-437.624	402.663	712.150	-436.138	393.904
1856	9.27500	394.171	-437.626	402.729	712.483	-436.155	393.784
1857	9.28000	393.957	-437.622	402.789	712.763	-436.048	393.875
1858	9.28500	393.719	-437.631	402.787	713.081	-436.085	394.274
1859	9.29000	393.499	-437.656	402.693	713.376	-436.036	394.017
1860	9.29500	393.285	-437.690	402.637	713.722	-436.076	393.861
1861	9.30000	393.064	-437.680	402.659	714.026	-436.297	393.603
1862	9.30500	392.840	-437.718	402.682	714.335	-435.982	393.829
1863	9.31000	392.616	-437.712	402.687	714.653	-436.009	393.788
1864	9.31500	392.376	-437.719	402.616	714.950	-436.145	393.695
1865	9.32000	392.138	-437.709	402.614	715.290	-436.100	393.681
1866	9.32500	391.926	-437.720	402.625	715.570	-435.905	393.775
1867	9.33000	391.714	-437.713	402.635	715.880	-435.941	394.314
1868	9.33500	391.493	-437.709	402.658	716.208	-436.093	393.818
1869	9.34000	391.254	-437.708	402.589	716.510	-436.116	393.661
1870	9.34500	391.030	-437.735	402.545	716.846	-435.948	393.745
1871	9.35000	390.799	-437.724	402.579	717.140	-435.943	393.729
1872	9.35500	390.585	-437.723	402.640	717.468	-436.099	393.893
1873	9.36000	390.377	-437.789	402.755	717.769	-436.166	393.735
1874	9.36500	390.142	-437.786	402.704	718.114	-436.121	393.629
1875	9.37000	389.906	-437.791	402.654	718.405	-436.042	393.686
1876	9.37500	389.681	-437.798	402.658	718.699	-436.074	393.670
1877	9.38000	389.467	-437.794	402.719	719.031	-436.203	393.546
1878	9.38500	389.249	-437.787	402.761	719.299	-436.253	393.795
1879	9.39000	389.013	-437.792	402.711	719.636	-436.090	393.857
1880	9.39500	388.764	-437.798	402.654	719.942	-436.101	393.632
1881	9.40000	388.540	-437.774	402.658	720.242	-436.107	394.118
1882	9.40500	388.309	-437.768	402.694	720.585	-436.290	393.583
1883	9.41000	388.091	-437.761	402.736	720.897	-436.234	393.665
1884	9.41500	387.857	-437.744	402.753	721.222	-436.105	393.735
1885	9.42000	387.614	-437.749	402.665	721.528	-436.155	393.508
1886	9.42500	387.386	-437.741	402.652	721.864	-436.133	393.739
1887	9.43000	387.165	-437.724	402.676	722.157	-436.200	393.546
1888	9.43500	386.972	-437.720	402.663	722.502	-436.198	393.614
1889	9.44000	386.753	-437.715	402.638	722.799	-436.188	393.553
1890	9.44500	386.523	-437.724	402.558	723.133	-436.208	393.433
1891	9.45000	386.298	-437.714	402.563	723.459	-436.236	393.255
1892	9.45500	386.067	-437.703	402.599	723.742	-436.211	393.429
1893	9.46000	385.831	-437.688	402.666	724.069	-436.221	393.623
1894	9.46500	385.606	-437.700	402.672	724.356	-436.240	393.527
1895	9.47000	385.366	-437.721	402.605	724.700	-436.274	393.420
1896	9.47500	385.156	-437.743	402.569	724.970	-436.126	393.655
1897	9.48000	384.948	-437.743	402.600	725.291	-436.195	393.547
1898	9.48500	384.744	-437.736	402.649	725.572	-436.146	393.767
1899	9.49000	384.509	-437.727	402.667	725.873	-436.156	393.636
1900	9.49500	384.257	-437.724	402.593	726.221	-436.142	393.482
1901	9.50000	384.011	-437.722	402.555	726.502	-436.138	393.481
1902	9.50500	383.794	-437.710	402.598	726.851	-436.235	393.674
1903	9.51000	383.566	-437.714	402.653	727.148	-436.271	393.588
1904	9.51500	383.354	-437.720	402.666	727.491	-436.156	393.534
1905	9.52000	383.119	-437.740	402.568	727.816	-436.201	393.379
1906	9.52500	382.883	-437.750	402.520	728.119	-436.267	393.573
1907	9.53000	382.666	-437.738	402.562	728.467	-436.335	393.394
1908	9.53500	382.448	-437.739	402.605	728.740	-436.221	393.735
1909	9.54000	382.222	-437.732	402.611	729.083	-436.226	393.653
1910	9.54500	381.973	-437.730	402.556	729.375	-436.047	393.716
1911	9.55000	381.733	-437.754	402.489	729.746	-436.144	393.536
1912	9.55500	381.511	-437.749	402.514	730.011	-436.222	393.590
1913	9.56000	381.303	-437.749	402.546	730.338	-436.035	393.622
1914	9.56500	381.082	-437.762	402.572	730.650	-436.044	393.504
1915	9.57000	380.855	-437.775	402.512	730.953	-436.113	393.500
1916	9.57500	380.606	-437.785	402.458	731.294	-436.227	393.438
1917	9.58000	380.385	-437.781	402.483	731.565	-436.055	393.630
1918	9.58500	380.171	-437.763	402.545	731.923	-436.025	393.492
1919	9.59000	379.938	-437.737	402.563	732.227	-436.135	393.486
1920	9.59500	379.700	-437.754	402.515	732.575	-436.238	393.307
1921	9.60000	379.470	-437.750	402.436	732.864	-436.102	393.745
1922	9.60500	379.251	-437.849	402.564	733.202	-436.056	393.582
1923	9.61000	378.998	-437.741	402.522	733.538	-436.032	393.442
1924	9.61500	378.776	-437.736	402.547	733.856	-436.203	393.375
1925	9.62000	378.553	-437.822	402.591	734.169	-436.124	393.589
1926	9.62500	378.304	-437.820	402.536	734.487	-436.100	393.555
1927	9.63000	378.083	-437.802	402.562	734.833	-436.090	393.428
1928	9.63500	377.856	-437.806	402.618	735.109	-436.081	393.345
1929	9.64000	377.638	-437.807	402.662	735.431	-436.161	393.236
1930	9.64500	377.401	-437.820	402.615	735.718	-436.219	393.491
1931	9.65000	377.148	-437.825	402.543	736.033	-436.118	393.509
1932	9.65500	376.929	-437.818	402.520	736.365	-436.114	393.416
1933	9.66000	376.712	-437.816	402.565	736.660	-436.154	393.379
1934	9.66500	376.491	-437.825	402.591	736.990	-436.091	393.513
1935	9.67000	376.264	-437.837	402.533	737.299	-436.175	393.417
1936	9.67500	376.029	-437.840	402.437	737.614	-436.145	393.431
1937	9.68000	375.795	-437.828	402.456	737.929	-436.195	393.418
1938	9.68500	375.582	-437.810	402.519	738.265	-436.153	393.281
1939	9.69000	375.361	-437.800	402.545	738.599	-436.213	393.338
1940	9.69500	375.134	-437.807	402.486	738.900	-436.164	393.387
1941	9.70000	374.894	-437.801	402.420	739.233	-436.173	393.448
1942	9.70500	374.682	-437.790	402.435	739.532	-436.129	393.367
1943	9.71000	374.451	-437.778	402.473	739.840	-436.128	393.319
1944	9.71500	374.220	-437.775	402.511	740.110	-436.150	393.481
1945	9.72000	373.970	-437.783	402.457	740.475	-436.170	393.400
1946	9.72500	373.723	-437.799	402.423	740.752	-436.186	393.470
1947	9.73000	373.506	-437.805	402.468	741.093	-436.077	393.266
1948	9.73500	373.297	-437.813	402.502	741.415	-436.084	393.339
1949	9.74000	373.076	-437.816	402.528	741.714	-436.083	393.390
1950	9.74500	372.836	-437.834	402.465	742.062	-436.118	393.394
1951	9.75000	372.605	-437.840	402.388	742.366	-436.039	393.400
1952	9.75500	372.375	-437.838	402.428	742.709	-436.056	393.320
1953	9.76000	372.148	-437.825	402.485	743.007	-436.076	393.393
1954	9.76500	371.937	-437.841	402.501	743.344	-436.004	393.411
1955	9.77000	371.700	-437.859	402.456	743.665	-435.989	393.486
1956	9.77500	371.446	-437.863	402.385	744.000	-436.059	393.345
1957	9.78000	371.231	-437.863	402.382	744.320	-436.079	393.287
1958	9.78500	371.017	-437.843	402.445	744.611	-436.159	393.451
1959	9.79000	370.786	-437.870	402.435	744.942	-436.077	393.694
1960	9.79500	370.534	-437.859	402.430	745.247	-435.977	393.546
1961	9.80000	370.297	-437.876	402.335	745.566	-436.116	393.327
1962	9.80500	370.064	-437.842	402.356	745.857	-436.139	393.337
1963	9.81000	369.841	-437.825	402.431	746.142	-436.023	393.468
1964	9.81500	369.611	-437.818	402.471	746.444	-435.998	393.647
1965	9.82000	369.369	-437.829	402.406	746.736	-435.972	393.508
1966	9.82500	369.129	-437.841	402.343	747.097	-436.154	393.318
1967	9.83000	368.904	-437.848	402.353	747.424	-436.227	393.279
1968	9.83500	368.714	-437.939	402.497	747.752	-436.070	393.554
1969	9.84000	368.479	-437.953	402.519	748.093	-436.069	393.502
1970	9.84500	368.233	-437.966	402.487	748.445	-436.095	393.460
1971	9.85000	367.989	-437.985	402.406	748.768	-436.282	393.326
1972	9.85500	367.769	-437.969	402.434	749.099	-436.150	393.421
1973	9.86000	367.542	-437.959	402.492	749.395	-436.106	393.520
1974	9.86500	367.330	-437.951	402.508	749.700	-436.109	393.499
1975	9.87000	367.089	-437.953	402.444	750.033	-436.103	393.409
1976	9.87500	366.841	-437.952	402.344	750.314	-436.149	393.406
1977	9.88000	366.610	-437.922	402.383	750.638	-436.143	393.433
1978	9.88500	366.417	-437.913	402.374	750.922	-436.074	393.564
1979	9.89000	366.186	-437.895	402.413	751.279	-436.055	393.470
1980	9.89500	365.939	-437.901	402.380	751.591	-436.041	393.375
1981	9.90000	365.690	-437.890	402.329	751.945	-435.996	393.360
1982	9.90500	365.464	-437.882	402.339	752.261	-435.978	393.483
1983	9.91000	365.247	-437.879	402.385	752.593	-435.944	393.418
1984	9.91500	365.025	-437.891	402.414	752.906	-435.943	393.433
1985	9.92000	364.793	-437.913	402.340	753.231	-435.945	393.309
1986	9.92500	364.544	-437.915	402.289	753.548	-435.971	393.408
1987	9.93000	364.329	-437.895	402.288	753.903	-436.006	393.439
1988	9.93500	364.113	-437.866	402.335	754.153	-436.072	393.500
1989	9.94000	363.896	-437.863	402.382	754.461	-435.987	393.441
1990	9.94500	363.655	-437.876	402.320	754.788	-436.005	393.422
1991	9.95000	363.433	-437.897	402.234	755.095	-435.981	393.513
1992	9.95500	363.204	-437.878	402.276	755.396	-435.999	393.539
1993	9.96000	362.986	-437.871	402.323	755.738	-435.989	393.485
1994	9.96500	362.768	-437.874	402.369	755.991	-435.812	393.468
1995	9.97000	362.517	-437.890	402.319	756.438	-435.852	393.239
1996	9.97500	362.279	-437.890	402.274	756.713	-435.859	393.312
1997	9.98000	362.058	-437.871	402.303	757.068	-435.730	393.384
1998	9.98500	361.850	-437.861	402.338	757.366	-435.842	393.300
1999	9.99000	361.633	-437.835	402.384	757.720	-435.841	393.236
2000	9.99500	361.382	-437.848	402.334	758.059	-435.884	393.206
2001	10.00000	361.132	-437.861	402.284	758.367	-435.747	393.432
2002	10.00500	360.916	-437.860	402.283	758.712	-435.706	393.466
2003	10.01000	360.689	-437.858	402.343	759.031	-435.728	393.412
2004	10.01500	360.490	-437.873	402.367	759.355	-435.917	393.280
2005	10.02000	360.249	-437.911	402.307	759.642	-435.780	393.350
2006	10.02500	360.018	-437.923	402.234	759.954	-435.748	393.503
2007	10.03000	359.803	-437.934	402.235	760.233	-435.773	393.509
2008	10.03500	359.594	-437.967	402.272	760.543	-436.025	393.359
2009	10.04000	359.377	-437.965	402.320	760.853	-436.097	393.384
2010	10.04500	359.136	-437.980	402.259	761.168	-435.969	393.517
2011	10.05000	358.894	-437.987	402.198	761.496	-435.963	393.609
2012	10.05500	358.669	-437.987	402.209	761.815	-435.959	393.556
2013	10.06000	358.460	-437.966	402.244	762.263	-436.088	393.327
2014	10.06500	358.238	-437.961	402.272	762.508	-435.887	393.402
2015	10.07000	358.009	-438.049	402.350	762.849	-435.879	393.483
2016	10.07500	357.768	-438.032	402.287	763.175	-435.854	393.490
2017	10.08000	357.539	-438.019	402.281	763.530	-435.900	393.401
2018	10.08500	357.313	-437.996	402.340	763.851	-435.925	393.324
2019	10.09000	357.105	-437.995	402.377	764.183	-435.914	393.370
2020	10.09500	356.877	-437.996	402.322	764.485	-435.912	393.509
2021	10.10000	356.631	-438.024	402.244	764.797	-435.922	393.530
2022	10.10500	356.412	-438.022	402.226	765.140	-435.951	393.455
2023	10.11000	356.205	-438.027	402.263	765.488	-436.032	393.404
2024	10.11500	355.988	-438.034	402.313	765.808	-435.989	393.464
2025	10.12000	355.747	-438.046	402.253	766.004	-436.059	393.620
2026	10.12500	355.506	-438.063	402.194	766.334	-436.097	393.559
2027	10.13000	355.282	-438.044	402.206	766.613	-436.081	393.567
2028	10.13500	355.074	-438.030	402.242	766.917	-436.120	393.549
2029	10.14000	354.866	-438.027	402.278	767.248	-436.069	393.620
2030	10.14500	354.651	-438.036	402.230	767.556	-436.038	393.577
2031	10.15000	354.414	-438.029	402.139	767.973	-435.967	393.485
2032	10.15500	354.176	-437.995	402.144	768.315	-435.961	393.434
2033	10.16000	353.950	-437.962	402.204	768.694	-435.933	393.458
2034	10.16500	353.710	-437.942	402.257	769.002	-435.969	393.524
2035	10.17000	353.475	-437.955	402.234	769.345	-435.947	393.451
2036	10.17500	353.234	-437.961	402.174	769.654	-435.878	393.390
2037	10.18000	353.018	-437.952	402.175	770.008	-435.907	393.326
2038	10.18500	352.798	-437.931	402.205	770.303	-435.890	393.407
2039	10.19000	352.604	-437.930	402.249	770.642	-435.876	393.382
2040	10.19500	352.366	-437.950	402.207	770.966	-435.891	393.392
2041	10.20000	352.134	-437.969	402.137	771.296	-435.819	393.335
2042	10.20500	351.919	-437.957	402.138	771.630	-435.855	393.356
2043	10.21000	351.699	-437.958	402.170	771.919	-435.684	393.517
2044	10.21500	351.486	-437.958	402.238	772.242	-435.684	393.529
2045	10.22000	351.262	-437.993	402.205	772.538	-435.816	393.471
2046	10.22500	351.029	-438.029	402.135	772.918	-435.852	393.362
2047	10.23000	350.814	-438.024	402.136	773.199	-435.699	393.486
2048	10.23500	350.583	-438.017	402.179	773.538	-435.691	393.570
2049	10.24000	350.366	-438.012	402.228	773.877	-435.674	393.546
2050	10.24500	350.145	-438.011	402.211	774.218	-435.715	393.494
2051	10.25000	349.902	-438.013	402.150	774.554	-435.717	393.493
2052	10.25500	349.682	-438.001	402.133	774.876	-435.680	393.529
2053	10.26000	349.470	-437.985	402.152	775.173	-435.670	393.586
2054	10.26500	349.262	-437.976	402.189	775.487	-435.716	393.581
2055	10.27000	349.026	-438.018	402.166	775.825	-435.879	393.440
2056	10.27500	348.780	-438.035	402.090	776.122	-435.690	393.505
2057	10.28000	348.550	-438.034	402.086	776.441	-435.679	393.566
2058	10.28500	348.338	-438.049	402.106	776.766	-435.693	393.555
2059	10.29000	348.122	-438.061	402.158	777.101	-435.701	393.446
2060	10.29500	347.930	-438.165	402.238	777.417	-435.716	393.422
2061	10.30000	347.685	-438.197	402.163	777.767	-435.767	393.387
2062	10.30500	347.447	-438.206	402.173	778.081	-435.736	393.497
2063	10.31000	347.237	-438.197	402.194	778.391	-435.778	393.520
2064	10.31500	346.999	-438.223	402.302	778.754	-435.790	393.474
2065	10.32000	346.788	-438.232	402.275	779.080	-435.808	393.461
2066	10.32500	346.558	-438.191	402.169	779.428	-435.778	393.452
2067	10.33000	346.352	-438.181	402.110	779.722	-435.783	393.535
2068	10.33500	346.149	-438.138	402.116	780.092	-435.756	393.418
2069	10.34000	345.924	-438.096	402.177	780.379	-435.769	393.461
2070	10.34500	345.702	-438.070	402.208	780.717	-435.788	393.438
2071	10.35000	345.465	-438.071	402.119	781.021	-435.773	393.533
2072	10.35500	345.221	-438.068	402.109	781.347	-435.791	393.521
2073	10.36000	345.010	-438.048	402.129	781.709	-435.818	393.476
2074	10.36500	344.802	-438.042	402.167	782.033	-435.840	393.487
2075	10.37000	344.600	-438.054	402.176	782.375	-435.870	393.527
2076	10.37500	344.354	-438.062	402.101	782.700	-435.847	393.518
2077	10.38000	344.130	-438.058	402.068	783.050	-435.913	393.481
2078	10.38500	343.929	-438.030	402.076	783.358	-435.881	393.533
2079	10.39000	343.727	-438.005	402.133	783.711	-435.932	393.474
2080	10.39500	343.501	-438.002	402.147	783.989	-435.935	393.595
2081	10.40000	343.269	-438.029	402.079	784.339	-435.960	393.562
2082	10.40500	343.044	-438.037	402.047	784.664	-435.966	393.551
2083	10.41000	342.814	-438.030	402.092	785.014	-435.943	393.519
2084	10.41500	342.603	-438.031	402.113	785.325	-435.978	393.543
2085	10.42000	342.400	-438.042	402.122	785.667	-435.979	393.583
2086	10.42500	342.161	-438.052	402.082	786.008	-436.017	393.534
2087	10.43000	341.931	-438.055	402.031	786.338	-435.950	393.479
2088	10.43500	341.712	-438.036	402.015	786.654	-435.931	393.456
2089	10.44000	341.491	-438.003	402.048	786.935	-435.757	393.558
2090	10.44500	341.279	-437.980	402.116	787.237	-435.715	393.570
2091	10.45000	341.058	-438.004	402.053	787.503	-435.709	393.610
2092	10.45500	340.830	-438.004	402.002	787.862	-435.793	393.498
2093	10.46000	340.614	-438.013	402.007	788.192	-435.800	393.548
2094	10.46500	340.415	-438.027	402.034	788.548	-435.626	393.673
2095	10.47000	340.204	-438.034	402.057	788.890	-435.612	393.714
2096	10.47500	339.989	-438.076	402.014	789.215	-435.633	393.704
2097	10.48000	339.755	-438.106	401.995	789.523	-435.640	393.647
2098	10.48500	339.530	-438.126	402.012	789.877	-435.705	393.656
2099	10.49000	339.328	-438.139	402.023	790.163	-435.649	393.706
2100	10.49500	339.108	-438.159	402.058	790.488	-435.656	393.697
2101	10.50000	338.880	-438.197	402.059	790.829	-435.656	393.649
2102	10.50500	338.640	-438.242	401.973	791.178	-435.691	393.620
2103	10.51000	338.428	-438.248	401.946	791.507	-435.610	393.693
2104	10.51500	338.209	-438.188	401.994	791.846	-435.607	393.670
2105	10.52000	338.011	-438.174	402.020	792.208	-435.577	393.647
2106	10.52500	337.788	-438.183	402.005	792.480	-435.544	393.635
2107	10.53000	337.545	-438.195	401.949	792.943	-435.508	393.516
2108	10.53500	337.344	-438.271	402.042	793.248	-435.499	393.591
2109	10.54000	337.133	-438.233	402.063	793.608	-435.493	393.573
2110	10.54500	336.927	-438.212	402.102	793.936	-435.499	393.540
2111	10.55000	336.706	-438.212	402.089	794.282	-435.509	393.534
2112	10.55500	336.473	-438.225	402.022	794.609	-435.516	393.612
2113	10.56000	336.249	-438.229	401.990	794.943	-435.524	393.618
2114	10.56500	336.052	-438.214	402.018	795.273	-435.551	393.561
2115	10.57000	335.823	-438.190	402.065	795.663	-435.584	393.527
2116	10.57500	335.616	-438.183	402.057	796.020	-435.634	393.532
2117	10.58000	335.383	-438.196	401.990	796.224	-435.659	393.681
2118	10.58500	335.144	-438.187	402.001	796.577	-435.673	393.623
2119	10.59000	334.933	-438.181	402.023	796.972	-435.606	393.509
2120	10.59500	334.740	-438.153	402.069	797.248	-435.563	393.470
2121	10.60000	334.529	-438.138	402.042	797.549	-435.539	393.572
2122	10.60500	334.295	-438.149	401.975	797.861	-435.710	393.627
2123	10.61000	334.074	-438.144	401.962	798.182	-435.682	393.647
2124	10.61500	333.862	-438.125	401.983	798.637	-435.706	393.495
2125	10.62000	333.633	-438.096	402.029	798.994	-435.712	393.501
2126	10.62500	333.399	-438.077	402.058	799.252	-435.702	393.612
2127	10.63000	333.156	-438.086	402.003	799.599	-435.622	393.609
2128	10.63500	332.935	-438.086	401.990	799.948	-435.666	393.578
2129	10.64000	332.710	-438.083	402.007	800.294	-435.657	393.487
2130	10.64500	332.508	-438.086	402.018	800.622	-435.621	393.544
2131	10.65000	332.301	-438.092	402.012	800.945	-435.476	393.656
2132	10.65500	332.081	-438.104	401.952	801.256	-435.478	393.664
2133	10.66000	331.843	-438.126	401.916	801.623	-435.679	393.566
2134	10.66500	331.650	-438.137	401.916	801.893	-435.745	393.687
2135	10.67000	331.421	-438.123	401.964	802.213	-435.617	393.803
2136	10.67500	331.210	-438.140	401.989	802.492	-435.657	393.885
2137	10.68000	330.981	-438.166	401.941	802.856	-435.626	393.823
2138	10.68500	330.760	-438.182	401.881	803.203	-435.770	393.723
2139	10.69000	330.540	-438.186	401.917	803.547	-435.800	393.740
2140	10.69500	330.328	-438.182	401.940	803.898	-435.567	393.806
2141	10.70000	330.117	-438.165	401.963	804.263	-435.483	393.795
2142	10.70500	329.895	-438.180	401.902	804.683	-435.570	393.705
2143	10.71000	329.656	-438.192	401.866	805.002	-435.691	393.582
2144	10.71500	329.448	-438.183	401.907	805.334	-435.514	393.708
2145	10.72000	329.254	-438.178	401.905	805.682	-435.489	393.681
2146	10.72500	329.024	-438.162	401.953	806.016	-435.516	393.689
2147	10.73000	328.791	-438.175	401.888	806.362	-435.523	393.686
2148	10.73500	328.567	-438.183	401.859	806.696	-435.535	393.693
2149	10.74000	328.355	-438.189	401.884	807.019	-435.509	393.690
2150	10.74500	328.135	-438.188	401.920	807.346	-435.495	393.661
2151	10.75000	327.910	-438.194	401.939	807.648	-435.499	393.654
2152	10.75500	327.681	-438.291	401.896	807.990	-435.467	393.591
2153	10.76000	327.429	-438.313	401.856	808.305	-435.483	393.659
2154	10.76500	327.217	-438.322	401.880	808.670	-435.463	393.684
2155	10.77000	327.010	-438.313	401.922	809.001	-435.495	393.716
2156	10.77500	326.785	-438.317	401.941	809.397	-435.503	393.667
2157	10.78000	326.550	-438.310	401.922	809.724	-435.489	393.726
2158	10.78500	326.332	-438.278	401.829	810.064	-435.500	393.773
2159	10.79000	326.133	-438.264	401.810	810.394	-435.520	393.718
2160	10.79500	325.936	-438.218	401.839	810.742	-435.459	393.608
2161	10.80000	325.730	-438.192	401.832	811.054	-435.482	393.613
2162	10.80500	325.491	-438.172	401.796	811.406	-435.515	393.647
2163	10.81000	325.271	-438.167	401.737	811.742	-435.442	393.723
2164	10.81500	325.036	-438.158	401.767	812.100	-435.307	393.716
2165	10.82000	324.859	-438.234	401.904	812.444	-435.476	393.643
2166	10.82500	324.647	-438.227	401.928	812.785	-435.448	393.669
2167	10.83000	324.423	-438.230	401.899	813.093	-435.260	393.796
2168	10.83500	324.189	-438.224	401.835	813.444	-435.264	393.747
2169	10.84000	323.973	-438.222	401.842	813.777	-435.302	393.756
2170	10.84500	323.757	-438.206	401.896	814.123	-435.400	393.663
2171	10.85000	323.538	-438.166	401.932	814.495	-435.308	393.711
2172	10.85500	323.318	-438.164	401.921	814.806	-435.301	393.807
2173	10.86000	323.084	-438.166	401.857	815.167	-435.308	393.769
2174	10.86500	322.877	-438.171	401.852	815.527	-435.299	393.735
2175	10.87000	322.669	-438.178	401.895	815.880	-435.509	393.675
2176	10.87500	322.458	-438.179	401.920	816.196	-435.346	393.817
2177	10.88000	322.251	-438.199	401.868	816.544	-435.319	393.794
2178	10.88500	322.004	-438.207	401.799	816.867	-435.344	393.790
2179	10.89000	321.783	-438.215	401.789	817.204	-435.356	393.774
2180	10.89500	321.575	-438.203	401.831	817.517	-435.339	393.759
2181	10.90000	321.369	-438.176	401.873	817.837	-435.291	393.783
2182	10.90500	321.149	-438.168	401.863	818.160	-435.284	393.782
2183	10.91000	320.919	-438.188	401.770	818.534	-435.343	393.733
2184	10.91500	320.707	-438.203	401.748	818.898	-435.586	393.663
2185	10.92000	320.496	-438.215	401.774	819.263	-435.421	393.763
2186	10.92500	320.290	-438.224	401.818	819.617	-435.406	393.779
2187	10.93000	320.070	-438.234	401.809	819.975	-435.413	393.769
2188	10.93500	319.839	-438.262	401.716	820.289	-435.451	393.751
2189	10.94000	319.601	-438.277	401.732	820.646	-435.450	393.742
2190	10.94500	319.393	-438.283	401.775	820.971	-435.413	393.806
2191	10.95000	319.196	-438.273	401.807	821.307	-435.404	393.793
2192	10.95500	318.968	-438.321	401.813	821.670	-435.386	393.736
2193	10.96000	318.748	-438.346	401.756	822.022	-435.430	393.685
2194	10.96500	318.527	-438.342	401.746	822.366	-435.487	393.772
2195	10.97000	318.306	-438.335	401.784	822.719	-435.456	393.789
2196	10.97500	318.103	-438.326	401.845	823.070	-435.456	393.742
2197	10.98000	317.887	-438.273	401.802	823.418	-435.488	393.717
2198	10.98500	317.651	-438.286	401.739	823.751	-435.512	393.728
2199	10.99000	317.440	-438.288	401.717	824.069	-435.467	393.843
2200	10.99500	317.223	-438.269	401.772	824.408	-435.462	393.806
2201	11.00000	317.034	-438.254	401.791	824.743	-435.488	393.792
2202	11.00500	316.818	-438.238	401.799	825.110	-435.491	393.796
2203	11.01000	316.571	-438.241	401.731	825.379	-435.479	393.883
2204	11.01500	316.330	-438.270	401.698	825.761	-435.479	393.921
2205	11.02000	316.132	-438.265	401.730	826.089	-435.479	393.891
2206	11.02500	315.920	-438.260	401.756	826.463	-435.460	393.827
2207	11.03000	315.709	-438.268	401.735	826.773	-435.508	393.923
2208	11.03500	315.483	-438.280	401.660	827.138	-435.524	393.931
2209	11.04000	315.250	-438.267	401.646	827.448	-435.546	393.940
2210	11.04500	315.039	-438.234	401.671	827.783	-435.466	393.845
2211	11.05000	314.832	-438.220	401.715	828.092	-435.522	393.786
2212	11.05500	314.625	-438.202	401.758	828.442	-435.514	393.830
2213	11.06000	314.404	-438.237	401.655	828.768	-435.389	393.964
2214	11.06500	314.178	-438.240	401.629	829.128	-435.268	393.934
2215	11.07000	313.996	-438.343	401.750	829.486	-435.269	393.925
2216	11.07500	313.794	-438.340	401.764	829.883	-435.381	393.873
2217	11.08000	313.583	-438.333	401.791	830.218	-435.192	394.024
2218	11.08500	313.335	-438.348	401.725	830.573	-435.187	393.951
2219	11.09000	313.097	-438.354	401.694	830.923	-435.199	393.905
2220	11.09500	312.876	-438.355	401.733	831.262	-435.256	393.868
2221	11.10000	312.664	-438.363	401.760	831.607	-435.221	393.938
2222	11.10500	312.449	-438.359	401.770	831.960	-435.252	393.956
2223	11.11000	312.237	-438.373	401.702	832.311	-435.236	393.910
2224	11.11500	312.003	-438.383	401.641	832.667	-435.279	393.902
2225	11.12000	311.791	-438.383	401.668	833.029	-435.278	393.933
2226	11.12500	311.589	-438.366	401.730	833.391	-435.269	393.966
2227	11.13000	311.382	-438.371	401.728	833.726	-435.221	393.957
2228	11.13500	311.143	-438.387	401.697	834.080	-435.224	393.887
2229	11.14000	310.893	-438.451	401.665	834.416	-435.283	393.874
2230	11.14500	310.677	-438.464	401.676	834.776	-435.292	393.908
2231	11.15000	310.471	-438.462	401.721	835.095	-435.244	394.004
2232	11.15500	310.255	-438.445	401.778	835.466	-435.215	393.965
2233	11.16000	310.021	-438.458	401.718	835.787	-435.273	393.967
2234	11.16500	309.792	-438.455	401.675	836.148	-435.348	394.000
2235	11.17000	309.567	-438.450	401.697	836.484	-435.323	394.057
2236	11.17500	309.360	-438.438	401.742	836.841	-435.305	394.049
2237	11.18000	309.167	-438.422	401.745	837.221	-435.305	393.956
2238	11.18500	308.946	-438.419	401.689	837.559	-435.296	393.921
2239	11.19000	308.715	-438.415	401.598	837.909	-435.325	393.963
2240	11.19500	308.488	-438.357	401.616	838.262	-435.295	393.981
2241	11.20000	308.294	-438.340	401.666	838.613	-435.288	393.936
2242	11.20500	308.083	-438.340	401.694	838.959	-435.341	393.917
2243	11.21000	307.834	-438.330	401.675	839.289	-435.387	393.935
2244	11.21500	307.600	-438.343	401.616	839.616	-435.409	394.042
2245	11.22000	307.398	-438.340	401.631	839.994	-435.392	394.041
2246	11.22500	307.191	-438.333	401.677	840.340	-435.412	394.022
2247	11.23000	306.979	-438.328	401.704	840.712	-435.412	393.982
2248	11.23500	306.732	-438.334	401.687	841.045	-435.437	394.061
2249	11.24000	306.506	-438.356	401.616	841.410	-435.427	394.070
2250	11.24500	306.290	-438.359	401.627	841.751	-435.424	394.012
2251	11.25000	306.088	-438.355	401.690	842.113	-435.377	393.960
2252	11.25500	305.883	-438.396	401.692	842.443	-435.443	393.977
2253	11.26000	305.657	-438.387	401.619	842.783	-435.404	394.076
2254	11.26500	305.428	-438.383	401.530	843.139	-435.307	394.141
2255	11.27000	305.223	-438.349	401.543	843.514	-435.410	394.006
2256	11.27500	305.006	-438.329	401.600	843.873	-435.483	393.975
2257	11.28000	304.799	-438.336	401.599	844.218	-435.486	394.045
2258	11.28500	304.572	-438.349	401.574	844.578	-435.211	394.091
2259	11.29000	304.336	-438.379	401.515	844.973	-435.145	394.019
2260	11.29500	304.138	-438.370	401.501	845.323	-435.165	393.975
2261	11.30000	303.952	-438.436	401.652	845.700	-435.309	393.903
2262	11.30500	303.740	-438.426	401.680	846.040	-435.063	394.076
2263	11.31000	303.502	-438.410	401.650	846.415	-435.063	394.011
2264	11.31500	303.268	-438.396	401.591	846.765	-435.073	393.968
2265	11.32000	303.057	-438.378	401.619	847.133	-435.258	393.882
2266	11.32500	302.863	-438.371	401.671	847.451	-435.111	394.048
2267	11.33000	302.652	-438.359	401.699	847.775	-435.080	394.097
2268	11.33500	302.427	-438.366	401.676	848.110	-435.088	394.003
2269	11.34000	302.202	-438.403	401.560	848.452	-435.135	393.945
2270	11.34500	301.986	-438.418	401.572	848.785	-435.141	393.939
2271	11.35000	301.785	-438.441	401.638	849.144	-435.131	393.977
2272	11.35500	301.571	-438.481	401.700	849.497	-435.087	394.066
2273	11.36000	301.355	-438.489	401.665	849.897	-435.069	393.982
2274	11.36500	301.120	-438.497	401.560	850.287	-435.069	393.969
2275	11.37000	300.916	-438.446	401.526	850.644	-435.125	394.029
2276	11.37500	300.713	-438.407	401.588	850.982	-435.058	394.131
2277	11.38000	300.514	-438.404	401.622	851.327	-435.070	394.050
2278	11.38500	300.298	-438.403	401.586	851.655	-435.076	394.005
2279	11.39000	300.063	-438.404	401.481	852.014	-435.122	393.976
2280	11.39500	299.842	-438.411	401.475	852.350	-435.133	394.100
2281	11.40000	299.639	-438.415	401.540	852.700	-435.109	394.125
2282	11.40500	299.433	-438.413	401.587	853.062	-435.124	394.074
2283	11.41000	299.203	-438.434	401.595	853.438	-435.143	394.075
2284	11.41500	298.967	-438.507	401.525	853.780	-435.170	394.151
2285	11.42000	298.756	-438.506	401.508	854.139	-435.148	394.191
2286	11.42500	298.532	-438.498	401.580	854.496	-435.189	394.099
2287	11.43000	298.326	-438.495	401.627	854.862	-435.207	394.023
2288	11.43500	298.096	-438.499	401.635	855.203	-435.224	394.033
2289	11.44000	297.866	-438.515	401.549	855.550	-435.240	394.147
2290	11.44500	297.646	-438.507	401.543	855.899	-435.249	394.174
2291	11.45000	297.434	-438.504	401.573	856.287	-435.290	394.100
2292	11.45500	297.236	-438.499	401.608	856.646	-435.308	394.073
2293	11.46000	297.019	-438.491	401.620	857.005	-435.302	394.178
2294	11.46500	296.788	-438.500	401.532	857.321	-435.149	394.347
2295	11.47000	296.578	-438.434	401.481	857.692	-435.231	394.176
2296	11.47500	296.389	-438.402	401.502	858.025	-435.246	394.105
2297	11.48000	296.182	-438.371	401.548	858.371	-435.296	394.087
2298	11.48500	295.974	-438.355	401.547	858.653	-435.046	394.267
2299	11.49000	295.752	-438.357	401.448	858.993	-435.013	394.280
2300	11.49500	295.522	-438.350	401.455	859.359	-435.050	394.203
2301	11.50000	295.311	-438.337	401.485	859.768	-435.287	393.996
2302	11.50500	295.105	-438.314	401.533	860.101	-435.291	394.192
2303	11.51000	294.889	-438.317	401.546	860.473	-435.063	394.274
2304	11.51500	294.659	-438.344	401.461	860.847	-435.105	394.213
2305	11.52000	294.439	-438.354	401.458	861.209	-435.141	394.162
2306	11.52500	294.246	-438.377	401.465	861.576	-435.294	394.081
2307	11.53000	294.056	-438.399	401.521	861.931	-435.058	394.200
2308	11.53500	293.865	-438.360	401.494	862.247	-435.000	394.234
2309	11.54000	293.625	-438.364	401.420	862.600	-434.995	394.170
2310	11.54500	293.404	-438.347	401.368	862.941	-435.011	394.182
2311	11.55000	293.167	-438.359	401.405	863.303	-435.036	394.196
2312	11.55500	292.965	-438.352	401.470	863.629	-434.984	394.308
2313	11.56000	292.773	-438.452	401.605	863.987	-434.978	394.284
2314	11.56500	292.555	-438.465	401.525	864.357	-434.956	394.185
2315	11.57000	292.311	-438.470	401.481	864.707	-435.029	394.209
2316	11.57500	292.104	-438.469	401.482	865.058	-434.972	394.300
2317	11.58000	291.920	-438.469	401.524	865.422	-434.976	394.294
2318	11.58500	291.718	-438.466	401.542	865.798	-434.953	394.232
2319	11.59000	291.482	-438.485	401.487	866.164	-434.970	394.223
2320	11.59500	291.248	-438.484	401.431	866.491	-434.992	394.313
2321	11.60000	291.047	-438.489	401.451	866.839	-434.980	394.409
2322	11.60500	290.845	-438.490	401.518	867.217	-434.987	394.326
2323	11.61000	290.626	-438.499	401.562	867.565	-435.000	394.290
2324	11.61500	290.398	-438.580	401.529	867.908	-435.058	394.345
2325	11.62000	290.151	-438.601	401.471	868.226	-435.056	394.422
2326	11.62500	289.949	-438.598	401.490	868.565	-435.067	394.371
2327	11.63000	289.748	-438.585	401.556	868.914	-435.081	394.268
2328	11.63500	289.559	-438.582	401.580	869.275	-435.102	394.219
2329	11.64000	289.323	-438.596	401.525	869.629	-435.106	394.286
2330	11.64500	289.096	-438.601	401.410	870.031	-435.097	394.334
2331	11.65000	288.902	-438.576	401.415	870.418	-435.089	394.330
2332	11.65500	288.695	-438.544	401.463	870.831	-435.050	394.238
2333	11.66000	288.517	-438.482	401.488	871.190	-435.104	394.277
2334	11.66500	288.282	-438.479	401.479	871.545	-434.933	394.394
2335	11.67000	288.046	-438.487	401.377	871.884	-434.859	394.412
2336	11.67500	287.835	-438.491	401.363	872.258	-434.892	394.288
2337	11.68000	287.629	-438.477	401.459	872.663	-435.110	394.108
2338	11.68500	287.423	-438.487	401.508	872.963	-435.148	394.288
2339	11.69000	287.204	-438.548	401.510	873.256	-435.011	394.504
2340	11.69500	286.969	-438.570	401.410	873.641	-434.967	394.439
2341	11.70000	286.745	-438.568	401.437	874.008	-435.154	394.294
2342	11.70500	286.544	-438.555	401.504	874.356	-435.194	394.323
2343	11.71000	286.324	-438.566	401.549	874.673	-434.877	394.522
2344	11.71500	286.112	-438.568	401.534	875.037	-434.857	394.453
2345	11.72000	285.873	-438.577	401.463	875.407	-434.930	394.419
2346	11.72500	285.657	-438.560	401.430	875.789	-434.962	394.310
2347	11.73000	285.481	-438.544	401.412	876.128	-434.922	394.459
2348	11.73500	285.311	-438.460	401.424	876.496	-434.871	394.496
2349	11.74000	285.115	-438.459	401.337	876.901	-434.898	394.389
2350	11.74500	284.870	-438.423	401.293	877.311	-434.940	394.320
2351	11.75000	284.654	-438.394	401.307	877.658	-434.919	394.417
2352	11.75500	284.429	-438.391	401.334	878.098	-434.862	394.386
2353	11.76000	284.235	-438.391	401.389	878.379	-434.797	394.382
2354	11.76500	284.028	-438.390	401.391	878.740	-434.748	394.272
2355	11.77000	283.801	-438.424	401.280	879.075	-434.768	394.249
2356	11.77500	283.583	-438.455	401.249	879.510	-434.869	394.253
2357	11.78000	283.390	-438.457	401.257	879.741	-434.842	394.479
2358	11.78500	283.199	-438.426	401.312	880.125	-434.871	394.416
2359	11.79000	282.983	-438.421	401.327	880.484	-434.900	394.372
2360	11.79500	282.756	-438.450	401.262	880.812	-434.931	394.443
2361	11.80000	282.531	-438.444	401.243	881.154	-434.921	394.568
2362	11.80500	282.320	-438.469	401.277	881.501	-434.918	394.536
2363	11.81000	282.167	-438.606	401.414	881.879	-434.931	394.454
2364	11.81500	281.939	-438.662	401.475	882.252	-434.954	394.397
2365	11.82000	281.707	-438.691	401.393	882.599	-434.955	394.495
2366	11.82500	281.494	-438.693	401.333	882.950	-434.948	394.568
2367	11.83000	281.287	-438.687	401.336	883.341	-434.933	394.475
2368	11.83500	281.100	-438.609	401.374	883.808	-434.955	394.336
2369	11.84000	280.902	-438.574	401.410	884.184	-434.996	394.342
2370	11.84500	280.675	-438.574	401.344	884.468	-434.916	394.510
2371	11.85000	280.448	-438.563	401.278	884.895	-434.979	394.434
2372	11.85500	280.255	-438.560	401.287	885.277	-434.986	394.329
2373	11.86000	280.054	-438.550	401.354	885.516	-434.945	394.382
2374	11.86500	279.866	-438.568	401.381	885.894	-434.987	394.477
2375	11.87000	279.631	-438.592	401.330	886.240	-434.973	394.511
2376	11.87500	279.404	-438.672	401.300	886.624	-434.969	394.449
2377	11.88000	279.188	-438.666	401.316	886.988	-434.948	394.382
2378	11.88500	278.988	-438.659	401.385	887.427	-435.059	394.362
2379	11.89000	278.787	-438.641	401.452	887.726	-434.876	394.576
2380	11.89500	278.570	-438.651	401.423	888.090	-434.797	394.575
2381	11.90000	278.348	-438.656	401.328	888.368	-434.830	394.540
2382	11.90500	278.128	-438.647	401.328	888.651	-434.969	394.400
2383	11.91000	277.931	-438.633	401.366	889.161	-435.043	394.315
2384	11.91500	277.747	-438.622	401.409	889.395	-434.722	394.558
2385	11.92000	277.539	-438.629	401.413	889.743	-434.750	394.524
2386	11.92500	277.319	-438.638	401.289	890.125	-434.756	394.484
2387	11.93000	277.116	-438.622	401.263	890.510	-434.962	394.434
2388	11.93500	276.924	-438.554	401.284	890.815	-434.662	394.687
2389	11.94000	276.721	-438.540	401.352	891.152	-434.634	394.708
2390	11.94500	276.523	-438.531	401.343	891.540	-434.679	394.575
2391	11.95000	276.291	-438.549	401.262	891.900	-434.699	394.532
2392	11.95500	276.057	-438.546	401.257	892.239	-434.703	394.596
2393	11.96000	275.887	-438.555	401.260	892.608	-434.662	394.615
2394	11.96500	275.680	-438.594	401.345	892.974	-434.661	394.590
2395	11.97000	275.456	-438.631	401.376	893.376	-434.730	394.491
2396	11.97500	275.215	-438.658	401.309	893.729	-434.743	394.542
2397	11.98000	274.999	-438.659	401.280	894.062	-434.745	394.699
2398	11.98500	274.792	-438.645	401.284	894.458	-434.731	394.629
2399	11.99000	274.609	-438.623	401.327	894.822	-434.758	394.561
2400	11.99500	274.420	-438.609	401.353	895.181	-434.768	394.521
